CustomerID,Recency,Frequency,Monetary,R_score,F_score,M_score,RFM_Score,Segment
12346.0,49,1,77183.6,2,1,5,8,Clients Perdus
12347.0,41,2,1187.18,3,4,5,12,Clients Fidèles
12348.0,42,2,1120.24,3,4,5,12,Clients Fidèles
12350.0,34,1,334.4,3,1,3,7,Clients Ordinaires
12352.0,7,3,1281.15,5,4,5,14,Champions
12356.0,49,1,2271.62,2,1,5,8,Clients Perdus
12359.0,29,2,2386.41,3,4,5,12,Clients Fidèles
12361.0,11,1,189.9,5,1,2,8,Nouveaux Clients
12362.0,19,1,479.1,4,1,3,8,Nouveaux Clients
12365.0,15,2,641.38,4,4,4,12,Champions
12370.0,81,2,1864.27,2,4,5,11,À Risque
12372.0,20,1,399.22,4,1,3,8,Nouveaux Clients
12373.0,35,1,364.6,3,1,3,7,Clients Ordinaires
12377.0,39,2,1628.12,3,4,5,12,Clients Fidèles
12383.0,55,2,1251.88,2,4,5,11,À Risque
12386.0,61,2,401.9,2,4,3,9,À Risque
12388.0,29,2,555.35,3,4,4,11,Clients Fidèles
12393.0,53,2,639.5,2,4,4,10,À Risque
12395.0,25,3,911.43,4,4,4,12,Champions
12401.0,27,1,84.3,3,1,1,5,Clients Ordinaires
12402.0,47,1,225.6,2,1,2,5,Clients Perdus
12410.0,32,2,693.3299999999999,3,4,4,11,Clients Fidèles
12413.0,61,1,479.25,2,1,3,6,Clients Perdus
12414.0,34,1,153.76,3,1,1,5,Clients Ordinaires
12415.0,5,4,37842.74,5,5,5,15,Champions
12417.0,5,3,1024.78,5,4,5,14,Champions
12421.0,43,1,157.45,2,1,1,4,Clients Perdus
12422.0,48,1,238.5,2,1,2,5,Clients Perdus
12423.0,15,2,430.24,4,4,3,11,Clients Fidèles
12427.0,95,1,303.5,1,1,2,4,Clients Perdus
12428.0,7,3,4969.22,5,4,5,14,Champions
12429.0,89,1,1281.5,1,1,5,7,Clients Perdus
12431.0,9,5,2143.78,5,5,5,15,Champions
12433.0,90,2,3787.12,1,4,5,10,À Risque
12437.0,13,4,982.9599999999999,4,5,5,14,Champions
12441.0,90,1,173.55,1,1,1,3,Clients Perdus
12451.0,48,1,2919.5099999999998,2,1,5,8,Clients Perdus
12455.0,19,2,1698.9,4,4,5,13,Champions
12458.0,8,1,441.92,5,1,3,9,Nouveaux Clients
12462.0,27,1,762.11,3,1,4,8,Clients Ordinaires
12464.0,8,2,363.84999999999997,5,4,3,12,Clients Fidèles
12468.0,40,1,220.59,3,1,2,6,Clients Ordinaires
12471.0,13,7,5928.11,4,5,5,14,Champions
12472.0,41,2,2456.66,3,4,5,12,Clients Fidèles
12474.0,11,4,887.38,5,5,4,14,Champions
12476.0,22,3,722.23,4,4,4,12,Champions
12477.0,25,1,2355.9500000000003,4,1,5,10,Nouveaux Clients
12480.0,60,1,816.25,2,1,4,7,Clients Perdus
12481.0,60,3,1394.43,2,4,5,11,À Risque
12483.0,63,1,547.56,2,1,4,7,Clients Perdus
12484.0,60,1,1138.67,2,1,5,8,Clients Perdus
12489.0,60,1,334.93,2,1,3,6,Clients Perdus
12490.0,53,1,864.22,2,1,4,7,Clients Perdus
12494.0,19,3,312.55,4,4,2,10,Clients Prometteurs
12500.0,5,3,968.76,5,4,4,13,Champions
12501.0,60,1,2169.39,2,1,5,8,Clients Perdus
12502.0,33,1,617.25,3,1,4,8,Clients Ordinaires
12507.0,22,1,446.16,4,1,3,8,Nouveaux Clients
12509.0,8,1,176.5,5,1,1,7,Nouveaux Clients
12510.0,49,1,681.05,2,1,4,7,Clients Perdus
12515.0,77,1,383.7,2,1,3,6,Clients Perdus
12523.0,15,2,246.35,4,4,2,10,Clients Prometteurs
12524.0,5,3,1338.17,5,4,5,14,Champions
12527.0,18,2,284.92,4,4,2,10,Clients Prometteurs
12528.0,36,1,493.53000000000003,3,1,3,7,Clients Ordinaires
12530.0,60,1,387.40000000000003,2,1,3,6,Clients Perdus
12539.0,40,2,3431.7,3,4,5,12,Clients Fidèles
12540.0,35,3,2317.17,3,4,5,12,Clients Fidèles
12541.0,4,1,312.4,5,1,2,8,Nouveaux Clients
12547.0,4,1,159.4,5,1,1,7,Nouveaux Clients
12551.0,81,1,168.0,2,1,1,4,Clients Perdus
12553.0,4,3,1023.86,5,4,5,14,Champions
12557.0,56,2,4037.1200000000003,2,4,5,11,À Risque
12559.0,34,2,561.71,3,4,4,11,Clients Fidèles
12561.0,26,1,238.85,4,1,2,7,Nouveaux Clients
12565.0,12,1,145.92,5,1,1,7,Nouveaux Clients
12567.0,32,3,3179.11,3,4,5,12,Clients Fidèles
12574.0,39,1,218.45,3,1,2,6,Clients Ordinaires
12576.0,28,1,266.85,3,1,2,6,Clients Ordinaires
12577.0,83,1,195.89,1,1,2,4,Clients Perdus
12578.0,54,1,1608.66,2,1,5,8,Clients Perdus
12582.0,12,1,205.16,5,1,2,8,Nouveaux Clients
12583.0,26,3,1907.58,4,4,5,13,Champions
12584.0,4,1,463.63,5,1,3,9,Nouveaux Clients
12585.0,75,1,1262.85,2,1,5,8,Clients Perdus
12591.0,41,1,452.84999999999997,3,1,3,7,Clients Ordinaires
12594.0,18,2,597.0,4,4,4,12,Champions
12598.0,8,1,720.86,5,1,4,10,Nouveaux Clients
12599.0,9,2,312.46000000000004,5,4,2,11,Clients Prometteurs
12600.0,33,3,702.74,3,4,4,11,Clients Fidèles
12601.0,26,2,257.36,4,4,2,10,Clients Prometteurs
12609.0,42,1,287.93,3,1,2,6,Clients Ordinaires
12614.0,1,1,315.6,5,1,3,9,Nouveaux Clients
12616.0,21,1,255.6,4,1,2,7,Nouveaux Clients
12621.0,15,4,2918.89,4,5,5,14,Champions
12625.0,43,1,1716.62,2,1,5,8,Clients Perdus
12626.0,40,2,1274.1,3,4,5,12,Clients Fidèles
12633.0,11,1,1012.82,5,1,5,11,Nouveaux Clients
12637.0,47,1,1516.68,2,1,5,8,Clients Perdus
12643.0,56,1,871.1999999999999,2,1,4,7,Clients Perdus
12645.0,40,1,369.29999999999995,3,1,3,7,Clients Ordinaires
12647.0,81,4,1193.6,2,5,5,12,À Risque
12651.0,58,1,114.0,2,1,1,4,Clients Perdus
12652.0,55,1,919.98,2,1,4,7,Clients Perdus
12653.0,20,1,779.1,4,1,4,9,Nouveaux Clients
12654.0,19,1,166.6,4,1,1,6,Nouveaux Clients
12662.0,33,2,598.1800000000001,3,4,4,11,Clients Fidèles
12664.0,46,1,661.58,2,1,4,7,Clients Perdus
12665.0,48,1,63.0,2,1,1,4,Clients Perdus
12668.0,36,2,1479.67,3,4,5,12,Clients Fidèles
12672.0,53,1,225.89999999999998,2,1,2,5,Clients Perdus
12673.0,50,1,220.9,2,1,2,5,Clients Perdus
12676.0,35,1,509.5,3,1,3,7,Clients Ordinaires
12678.0,8,3,574.71,5,4,4,13,Champions
12679.0,7,1,794.06,5,1,4,10,Nouveaux Clients
12681.0,36,6,5082.53,3,5,5,13,Clients Fidèles
12682.0,34,5,2912.14,3,5,5,13,Clients Fidèles
12683.0,7,4,2147.42,5,5,5,15,Champions
12686.0,95,1,89.14,1,1,1,3,Clients Perdus
12691.0,42,3,406.2,3,4,3,10,Clients Fidèles
12693.0,43,1,162.05,2,1,1,4,Clients Perdus
12705.0,81,1,858.0,2,1,4,7,Clients Perdus
12707.0,15,1,603.42,4,1,4,9,Nouveaux Clients
12708.0,1,3,763.72,5,4,4,13,Champions
12709.0,7,4,3165.09,5,5,5,15,Champions
12712.0,1,5,1254.73,5,5,5,15,Champions
12714.0,18,1,968.3,4,1,4,9,Nouveaux Clients
12720.0,27,4,1105.33,3,5,5,13,Clients Fidèles
12721.0,27,2,741.62,3,4,4,11,Clients Fidèles
12724.0,56,1,154.9,2,1,1,4,Clients Perdus
12725.0,95,1,427.8,1,1,3,5,Clients Perdus
12726.0,39,2,571.86,3,4,4,11,Clients Fidèles
12727.0,5,4,2007.32,5,5,5,15,Champions
12728.0,8,2,453.26,5,4,3,12,Clients Fidèles
12731.0,36,2,4246.33,3,4,5,12,Clients Fidèles
12734.0,76,1,110.39999999999999,2,1,1,4,Clients Perdus
12735.0,39,2,779.5699999999999,3,4,4,11,Clients Fidèles
12736.0,56,1,234.0,2,1,2,5,Clients Perdus
12738.0,95,1,155.35,1,1,1,3,Clients Perdus
12744.0,42,1,2053.07,3,1,5,9,Clients Ordinaires
12747.0,7,4,1320.09,5,5,5,15,Champions
12748.0,8,44,4983.71,5,5,5,15,Champions
12753.0,6,3,9341.13,5,4,5,14,Champions
12754.0,1,2,61.62,5,4,1,10,Clients Prometteurs
12755.0,4,2,3811.95,5,4,5,14,Champions
12763.0,93,1,320.08,1,1,3,5,Clients Perdus
12764.0,40,1,1693.88,3,1,5,9,Clients Ordinaires
12766.0,15,3,2809.42,4,4,5,13,Champions
12775.0,35,1,214.45,3,1,2,6,Clients Ordinaires
12778.0,36,1,134.48,3,1,1,5,Clients Ordinaires
12779.0,32,3,1198.58,3,4,5,12,Clients Fidèles
12781.0,8,1,549.26,5,1,4,10,Nouveaux Clients
12782.0,41,2,1147.43,3,4,5,12,Clients Fidèles
12785.0,88,1,311.95,1,1,2,4,Clients Perdus
12791.0,97,1,192.60000000000002,1,1,2,4,Clients Perdus
12793.0,58,2,545.48,2,4,4,10,À Risque
12797.0,89,1,254.03,1,1,2,4,Clients Perdus
12808.0,92,1,129.4,1,1,1,3,Clients Perdus
12811.0,8,1,240.25,5,1,2,8,Nouveaux Clients
12817.0,5,1,166.04,5,1,1,7,Nouveaux Clients
12820.0,50,1,170.46,2,1,1,4,Clients Perdus
12823.0,13,2,535.5,4,4,4,12,Champions
12826.0,40,3,697.1,3,4,4,11,Clients Fidèles
12829.0,60,2,293.0,2,4,2,8,Clients Ordinaires
12834.0,6,1,312.38,5,1,2,8,Nouveaux Clients
12836.0,35,1,846.69,3,1,4,8,Clients Ordinaires
12838.0,97,1,390.79,1,1,3,5,Clients Perdus
12839.0,11,3,1089.01,5,4,5,14,Champions
12841.0,1,9,1472.47,5,5,5,15,Champions
12842.0,32,1,310.73,3,1,2,6,Clients Ordinaires
12845.0,14,1,65.09,4,1,1,6,Nouveaux Clients
12852.0,18,1,311.55,4,1,2,7,Nouveaux Clients
12853.0,39,1,427.40000000000003,3,1,3,7,Clients Ordinaires
12854.0,42,1,389.90000000000003,3,1,3,7,Clients Ordinaires
12855.0,96,1,38.1,1,1,1,3,Clients Perdus
12857.0,26,1,801.6,4,1,4,9,Nouveaux Clients
12866.0,7,1,559.12,5,1,4,10,Nouveaux Clients
12867.0,22,2,786.95,4,4,4,12,Champions
12868.0,40,3,673.21,3,4,4,11,Clients Fidèles
12872.0,50,2,599.97,2,4,4,10,À Risque
12873.0,6,1,374.0,5,1,3,9,Nouveaux Clients
12875.0,86,1,293.76000000000005,1,1,2,4,Clients Perdus
12877.0,12,3,329.46000000000004,5,4,3,12,Clients Fidèles
12891.0,16,1,42.0,4,1,1,6,Nouveaux Clients
12897.0,25,1,128.8,4,1,1,6,Nouveaux Clients
12908.0,36,1,318.0,3,1,3,7,Clients Ordinaires
12913.0,6,3,866.39,5,4,4,13,Champions
12915.0,96,1,199.65,1,1,2,4,Clients Perdus
12916.0,44,1,807.05,2,1,4,7,Clients Perdus
12921.0,8,7,3173.38,5,5,5,15,Champions
12924.0,51,1,58.190000000000005,2,1,1,4,Clients Perdus
12928.0,83,1,392.34000000000003,1,1,3,5,Clients Perdus
12929.0,35,1,117.85,3,1,1,5,Clients Ordinaires
12931.0,21,3,1873.4,4,4,5,13,Champions
12933.0,7,1,110.75,5,1,1,7,Nouveaux Clients
12935.0,43,1,431.63,2,1,3,6,Clients Perdus
12939.0,22,2,5309.28,4,4,5,13,Champions
12942.0,89,1,258.75,1,1,2,4,Clients Perdus
12944.0,78,1,286.95,2,1,2,5,Clients Perdus
12945.0,12,1,462.95,5,1,3,9,Nouveaux Clients
12947.0,60,2,605.7,2,4,4,10,À Risque
12951.0,43,2,306.09000000000003,2,4,2,8,Clients Ordinaires
12956.0,30,1,108.07,3,1,1,5,Clients Ordinaires
12957.0,63,1,413.68,2,1,3,6,Clients Perdus
12963.0,89,1,365.8,1,1,3,5,Clients Perdus
12967.0,81,2,1660.9,2,4,5,11,À Risque
12970.0,46,2,23.8,2,4,1,7,Clients Ordinaires
12971.0,7,18,1837.37,5,5,5,15,Champions
12980.0,6,5,3673.7400000000002,5,5,5,15,Champions
12988.0,16,1,505.82,4,1,3,8,Nouveaux Clients
12989.0,22,3,1914.1,4,4,5,13,Champions
12990.0,34,1,97.5,3,1,1,5,Clients Ordinaires
12993.0,22,1,102.89999999999999,4,1,1,6,Nouveaux Clients
12997.0,41,1,305.55,3,1,2,6,Clients Ordinaires
13000.0,88,1,201.75,1,1,2,4,Clients Perdus
13001.0,1,5,4059.81,5,5,5,15,Champions
13002.0,42,1,120.94999999999999,3,1,1,5,Clients Ordinaires
13004.0,8,5,1592.04,5,5,5,15,Champions
13008.0,47,1,229.46999999999997,2,1,2,5,Clients Perdus
13011.0,96,1,50.550000000000004,1,1,1,3,Clients Perdus
13012.0,18,1,377.27000000000004,4,1,3,8,Nouveaux Clients
13013.0,95,2,1528.34,1,4,5,10,À Risque
13014.0,4,1,515.38,5,1,3,9,Nouveaux Clients
13018.0,12,2,642.45,5,4,4,13,Champions
13021.0,82,1,157.35000000000002,2,1,1,4,Clients Perdus
13027.0,78,1,1440.0,2,1,5,8,Clients Perdus
13029.0,77,1,382.5,2,1,3,6,Clients Perdus
13030.0,92,1,402.36,1,1,3,5,Clients Perdus
13033.0,81,1,190.55,2,1,2,5,Clients Perdus
13034.0,93,1,165.86,1,1,1,3,Clients Perdus
13038.0,14,1,395.1,4,1,3,8,Nouveaux Clients
13044.0,15,1,560.47,4,1,4,9,Nouveaux Clients
13047.0,33,4,825.53,3,5,4,12,Clients Fidèles
13048.0,51,1,477.61,2,1,3,6,Clients Perdus
13049.0,42,1,153.78,3,1,1,5,Clients Ordinaires
13050.0,28,7,2129.53,3,5,5,13,Clients Fidèles
13064.0,51,1,203.3,2,1,2,5,Clients Perdus
13065.0,97,1,205.86,1,1,2,4,Clients Perdus
13068.0,43,1,165.0,2,1,1,4,Clients Perdus
13069.0,32,6,1240.09,3,5,5,13,Clients Fidèles
13077.0,14,3,576.19,4,4,4,12,Champions
13078.0,20,5,1994.31,4,5,5,14,Champions
13081.0,12,5,7467.61,5,5,5,15,Champions
13082.0,62,1,379.44,2,1,3,6,Clients Perdus
13085.0,19,1,278.1,4,1,2,7,Nouveaux Clients
13089.0,13,24,15557.62,4,5,5,14,Champions
13090.0,13,5,1796.2,4,5,5,14,Champions
13092.0,1,2,295.65,5,4,2,11,Clients Prometteurs
13093.0,11,7,7527.97,5,5,5,15,Champions
13094.0,6,5,528.96,5,5,4,14,Champions
13097.0,16,3,1663.2,4,4,5,13,Champions
13098.0,28,2,893.6,3,4,4,11,Clients Fidèles
13102.0,32,7,1881.8,3,5,5,13,Clients Fidèles
13104.0,78,1,101.76,2,1,1,4,Clients Perdus
13107.0,57,1,566.84,2,1,4,7,Clients Perdus
13108.0,96,1,350.06,1,1,3,5,Clients Perdus
13110.0,7,2,540.15,5,4,4,13,Champions
13113.0,4,6,2838.74,5,5,5,15,Champions
13117.0,1,4,590.53,5,5,4,14,Champions
13118.0,12,1,190.93,5,1,2,8,Nouveaux Clients
13124.0,83,1,1256.32,1,1,5,7,Clients Perdus
13126.0,62,3,547.31,2,4,4,10,À Risque
13133.0,28,1,52.35,3,1,1,5,Clients Ordinaires
13137.0,32,1,206.63,3,1,2,6,Clients Ordinaires
13138.0,96,1,193.23,1,1,2,4,Clients Perdus
13140.0,90,1,158.26,1,1,1,3,Clients Perdus
13141.0,39,2,524.57,3,4,4,11,Clients Fidèles
13144.0,56,1,110.95,2,1,1,4,Clients Perdus
13145.0,95,1,295.0,1,1,2,4,Clients Perdus
13148.0,37,4,1068.71,3,5,5,13,Clients Fidèles
13149.0,13,1,376.74,4,1,3,8,Nouveaux Clients
13151.0,19,1,1257.8700000000001,4,1,5,10,Nouveaux Clients
13155.0,50,2,569.2,2,4,4,10,À Risque
13157.0,22,1,197.82,4,1,2,7,Nouveaux Clients
13158.0,42,1,256.40999999999997,3,1,2,6,Clients Ordinaires
13161.0,37,1,112.75,3,1,1,5,Clients Ordinaires
13162.0,58,1,753.26,2,1,4,7,Clients Perdus
13165.0,75,1,354.64,2,1,3,6,Clients Perdus
13166.0,7,1,417.2,5,1,3,9,Nouveaux Clients
13168.0,16,2,821.63,4,4,4,12,Champions
13171.0,23,1,140.35,4,1,1,6,Nouveaux Clients
13173.0,91,1,165.94,1,1,1,3,Clients Perdus
13174.0,40,2,2034.06,3,4,5,12,Clients Fidèles
13178.0,19,2,1124.0,4,4,5,13,Champions
13183.0,58,1,625.04,2,1,4,7,Clients Perdus
13184.0,14,1,212.52,4,1,2,7,Nouveaux Clients
13187.0,60,1,236.02,2,1,2,5,Clients Perdus
13198.0,42,2,1184.74,3,4,5,12,Clients Fidèles
13199.0,5,9,1948.96,5,5,5,15,Champions
13208.0,32,1,168.45,3,1,1,5,Clients Ordinaires
13209.0,50,2,430.2,2,4,3,9,À Risque
13211.0,85,1,110.7,1,1,1,3,Clients Perdus
13221.0,83,1,498.16,1,1,3,5,Clients Perdus
13225.0,62,2,2470.44,2,4,5,11,À Risque
13230.0,6,5,786.05,5,5,4,14,Champions
13233.0,60,1,304.24,2,1,2,5,Clients Perdus
13238.0,84,1,91.15,1,1,1,3,Clients Perdus
13240.0,89,1,224.07,1,1,2,4,Clients Perdus
13246.0,16,3,1063.16,4,4,5,13,Champions
13253.0,63,1,476.48,2,1,3,6,Clients Perdus
13255.0,97,1,225.7,1,1,2,4,Clients Perdus
13261.0,9,1,845.1,5,1,4,10,Nouveaux Clients
13263.0,2,2,568.69,5,4,4,13,Champions
13267.0,55,3,933.97,2,4,4,10,À Risque
13269.0,85,2,662.1700000000001,1,4,4,9,À Risque
13270.0,90,1,590.0,1,1,4,6,Clients Perdus
13280.0,40,2,682.96,3,4,4,11,Clients Fidèles
13284.0,54,1,201.19,2,1,2,5,Clients Perdus
13285.0,14,1,666.89,4,1,4,9,Nouveaux Clients
13292.0,8,1,249.57,5,1,2,8,Nouveaux Clients
13295.0,83,1,201.20000000000002,1,1,2,4,Clients Perdus
13301.0,16,1,173.91,4,1,1,6,Nouveaux Clients
13304.0,75,1,300.42,2,1,2,5,Clients Perdus
13305.0,19,2,288.9,4,4,2,10,Clients Prometteurs
13309.0,32,1,390.71,3,1,3,7,Clients Ordinaires
13310.0,48,1,410.18,2,1,3,6,Clients Perdus
13313.0,63,1,307.3,2,1,2,5,Clients Perdus
13317.0,82,2,238.05,2,4,2,8,Clients Ordinaires
13319.0,27,7,2769.04,3,5,5,13,Clients Fidèles
13324.0,36,2,1110.6,3,4,5,12,Clients Fidèles
13327.0,19,3,947.9000000000001,4,4,4,12,Champions
13328.0,40,1,1308.48,3,1,5,9,Clients Ordinaires
13329.0,90,1,304.2,1,1,2,4,Clients Perdus
13330.0,39,1,335.82,3,1,3,7,Clients Ordinaires
13334.0,29,1,1637.19,3,1,5,9,Clients Ordinaires
13344.0,1,1,1656.15,5,1,5,11,Nouveaux Clients
13345.0,11,1,389.5,5,1,3,9,Nouveaux Clients
13362.0,11,1,812.7,5,1,4,10,Nouveaux Clients
13368.0,61,1,35.400000000000006,2,1,1,4,Clients Perdus
13369.0,89,1,308.28000000000003,1,1,2,4,Clients Perdus
13370.0,95,1,754.87,1,1,4,6,Clients Perdus
13381.0,22,1,416.11,4,1,3,8,Nouveaux Clients
13382.0,4,1,222.99,5,1,2,8,Nouveaux Clients
13385.0,53,1,534.57,2,1,4,7,Clients Perdus
13394.0,33,1,313.76,3,1,3,7,Clients Ordinaires
13396.0,43,1,387.27000000000004,2,1,3,6,Clients Perdus
13397.0,18,2,601.77,4,4,4,12,Champions
13402.0,96,1,308.28000000000003,1,1,2,4,Clients Perdus
13405.0,41,1,160.05,3,1,1,5,Clients Ordinaires
13408.0,1,10,5959.09,5,5,5,15,Champions
13410.0,15,1,250.23999999999998,4,1,2,7,Nouveaux Clients
13414.0,20,1,390.0,4,1,3,8,Nouveaux Clients
13418.0,83,5,1579.62,1,5,5,11,À Risque
13421.0,14,1,825.04,4,1,4,9,Nouveaux Clients
13425.0,18,1,401.57,4,1,3,8,Nouveaux Clients
13426.0,60,2,639.4300000000001,2,4,4,10,À Risque
13448.0,88,3,829.5400000000001,1,5,4,10,À Risque
13451.0,58,1,359.19,2,1,3,6,Clients Perdus
13453.0,13,1,185.0,4,1,2,7,Nouveaux Clients
13455.0,90,1,692.94,1,1,4,6,Clients Perdus
13458.0,11,4,4170.82,5,5,5,15,Champions
13468.0,12,9,1609.5,5,5,5,15,Champions
13473.0,56,1,241.26,2,1,2,5,Clients Perdus
13475.0,22,1,317.12,4,1,3,8,Nouveaux Clients
13476.0,5,1,727.6,5,1,4,10,Nouveaux Clients
13477.0,15,1,185.39999999999998,4,1,2,7,Nouveaux Clients
13487.0,77,1,193.15,2,1,2,5,Clients Perdus
13488.0,32,3,3395.76,3,5,5,13,Clients Fidèles
13489.0,13,2,235.68,4,4,2,10,Clients Prometteurs
13491.0,4,6,803.91,5,5,4,14,Champions
13493.0,11,1,179.35,5,1,2,8,Nouveaux Clients
13494.0,35,1,316.26000000000005,3,1,3,7,Clients Ordinaires
13495.0,83,2,865.4300000000001,1,4,4,9,À Risque
13496.0,83,1,501.01,1,1,3,5,Clients Perdus
13497.0,6,2,348.05,5,4,3,12,Clients Fidèles
13501.0,11,1,1340.32,5,1,5,11,Nouveaux Clients
13502.0,47,1,114.6,2,1,1,4,Clients Perdus
13506.0,40,2,458.52,3,4,3,10,Clients Fidèles
13509.0,8,1,209.32,5,1,2,8,Nouveaux Clients
13520.0,48,2,988.52,2,4,5,11,À Risque
13523.0,90,1,566.95,1,1,4,6,Clients Perdus
13527.0,50,1,110.45,2,1,1,4,Clients Perdus
13531.0,90,1,305.45,1,1,2,4,Clients Perdus
13534.0,28,8,1029.75,3,5,5,13,Clients Fidèles
13538.0,39,1,166.8,3,1,1,5,Clients Ordinaires
13539.0,33,1,164.1,3,1,1,5,Clients Ordinaires
13551.0,43,1,91.80000000000001,2,1,1,4,Clients Perdus
13552.0,39,1,313.70000000000005,3,1,3,7,Clients Ordinaires
13557.0,4,1,240.68,5,1,2,8,Nouveaux Clients
13564.0,78,2,1174.03,2,4,5,11,À Risque
13565.0,58,1,110.17999999999999,2,1,1,4,Clients Perdus
13569.0,91,1,109.82000000000001,1,1,1,3,Clients Perdus
13576.0,14,4,1687.04,4,5,5,14,Champions
13579.0,93,1,164.70000000000002,1,1,1,3,Clients Perdus
13581.0,33,1,118.0,3,1,1,5,Clients Ordinaires
13584.0,30,1,142.4,3,1,1,5,Clients Ordinaires
13590.0,27,1,309.06,3,1,2,6,Clients Ordinaires
13593.0,60,1,559.85,2,1,4,7,Clients Perdus
13599.0,7,4,1302.55,5,5,5,15,Champions
13600.0,36,1,219.52,3,1,2,6,Clients Ordinaires
13606.0,35,1,70.02,3,1,1,5,Clients Ordinaires
13610.0,9,1,234.12,5,1,2,8,Nouveaux Clients
13611.0,83,1,303.15000000000003,1,1,2,4,Clients Perdus
13614.0,54,1,205.75,2,1,2,5,Clients Perdus
13615.0,42,1,417.69,3,1,3,7,Clients Ordinaires
13623.0,21,1,156.0,4,1,1,6,Nouveaux Clients
13627.0,81,1,311.19,2,1,2,5,Clients Perdus
13629.0,34,2,1425.0,3,4,5,12,Clients Fidèles
13630.0,9,1,299.14,5,1,2,8,Nouveaux Clients
13634.0,51,1,334.2,2,1,3,6,Clients Perdus
13636.0,9,1,154.5,5,1,1,7,Nouveaux Clients
13649.0,90,1,197.8,1,1,2,4,Clients Perdus
13652.0,92,1,308.8,1,1,2,4,Clients Perdus
13656.0,61,1,162.70000000000002,2,1,1,4,Clients Perdus
13659.0,44,1,1035.2,2,1,5,8,Clients Perdus
13666.0,11,2,64.05,5,4,1,10,Clients Prometteurs
13668.0,19,4,1749.0800000000002,4,5,5,14,Champions
13672.0,25,2,186.39000000000001,4,4,2,10,Clients Prometteurs
13675.0,8,1,308.44,5,1,2,8,Nouveaux Clients
13680.0,61,2,2391.59,2,4,5,11,À Risque
13684.0,9,1,65.13,5,1,1,7,Nouveaux Clients
13694.0,4,11,14317.5,5,5,5,15,Champions
13700.0,51,2,139.52,2,4,1,7,Clients Ordinaires
13703.0,42,1,99.5,3,1,1,5,Clients Ordinaires
13705.0,97,1,318.14,1,1,3,5,Clients Perdus
13706.0,26,1,330.79,4,1,3,8,Nouveaux Clients
13707.0,39,1,583.41,3,1,4,8,Clients Ordinaires
13709.0,39,1,454.3,3,1,3,7,Clients Ordinaires
13715.0,4,5,1077.39,5,5,5,15,Champions
13717.0,22,1,298.05,4,1,2,7,Nouveaux Clients
13718.0,19,1,114.05000000000001,4,1,1,6,Nouveaux Clients
13722.0,6,1,1463.47,5,1,5,11,Nouveaux Clients
13725.0,12,4,1451.93,5,5,5,15,Champions
13728.0,34,1,158.57999999999998,3,1,1,5,Clients Ordinaires
13742.0,11,3,1155.18,5,5,5,15,Champions
13744.0,16,1,817.3199999999999,4,1,4,9,Nouveaux Clients
13747.0,97,1,79.6,1,1,1,3,Clients Perdus
13748.0,97,1,204.0,1,1,2,4,Clients Perdus
13750.0,20,2,688.8000000000001,4,4,4,12,Champions
13751.0,12,1,296.25,5,1,2,8,Nouveaux Clients
13753.0,11,1,741.26,5,1,4,10,Nouveaux Clients
13754.0,41,1,156.0,3,1,1,5,Clients Ordinaires
13756.0,82,3,1004.4000000000001,2,5,5,12,À Risque
13758.0,58,3,1141.25,2,5,5,12,À Risque
13764.0,61,1,499.89,2,1,3,6,Clients Perdus
13767.0,9,11,4143.82,5,5,5,15,Champions
13769.0,50,2,626.32,2,4,4,10,À Risque
13777.0,12,14,8063.16,5,5,5,15,Champions
13782.0,51,1,191.94,2,1,2,5,Clients Perdus
13784.0,5,4,426.39,5,5,3,13,Clients Fidèles
13786.0,91,1,230.39999999999998,1,1,2,4,Clients Perdus
13787.0,88,1,106.4,1,1,1,3,Clients Perdus
13792.0,11,1,74.60000000000001,5,1,1,7,Nouveaux Clients
13798.0,1,12,11417.62,5,5,5,15,Champions
13799.0,18,1,341.7,4,1,3,8,Nouveaux Clients
13800.0,33,1,558.32,3,1,4,8,Clients Ordinaires
13802.0,35,1,969.74,3,1,4,8,Clients Ordinaires
13804.0,13,1,723.63,4,1,4,9,Nouveaux Clients
13807.0,91,1,112.6,1,1,1,3,Clients Perdus
13809.0,29,1,155.05,3,1,1,5,Clients Ordinaires
13815.0,42,1,1012.01,3,1,5,9,Clients Ordinaires
13817.0,75,1,128.7,2,1,1,4,Clients Perdus
13819.0,25,3,1140.35,4,5,5,14,Champions
13824.0,34,1,442.88,3,1,3,7,Clients Ordinaires
13831.0,93,1,408.0,1,1,3,5,Clients Perdus
13837.0,41,1,109.05,3,1,1,5,Clients Ordinaires
13838.0,93,1,230.66,1,1,2,4,Clients Perdus
13842.0,33,3,907.53,3,5,4,12,Clients Fidèles
13846.0,84,1,411.4,1,1,3,5,Clients Perdus
13848.0,21,2,935.0,4,4,4,12,Champions
13851.0,12,1,246.32,5,1,2,8,Nouveaux Clients
13854.0,13,7,2269.2,4,5,5,14,Champions
13859.0,50,1,201.16,2,1,2,5,Clients Perdus
13862.0,14,2,678.85,4,4,4,12,Champions
13865.0,13,1,123.30000000000001,4,1,1,6,Nouveaux Clients
13869.0,37,2,886.01,3,4,4,11,Clients Fidèles
13870.0,11,1,544.03,5,1,4,10,Nouveaux Clients
13871.0,32,1,456.05,3,1,3,7,Clients Ordinaires
13873.0,33,1,121.45,3,1,1,5,Clients Ordinaires
13874.0,81,1,540.45,2,1,4,7,Clients Perdus
13875.0,25,1,340.65,4,1,3,8,Nouveaux Clients
13880.0,7,3,508.1,5,5,3,13,Clients Fidèles
13881.0,1,2,1699.24,5,4,5,14,Champions
13884.0,1,3,196.25,5,5,2,12,Clients Prometteurs
13890.0,82,1,190.35,2,1,2,5,Clients Perdus
13893.0,21,1,821.1,4,1,4,9,Nouveaux Clients
13894.0,34,1,160.85,3,1,1,5,Clients Ordinaires
13898.0,49,1,155.93,2,1,1,4,Clients Perdus
13901.0,42,1,214.4,3,1,2,6,Clients Ordinaires
13904.0,18,1,201.12,4,1,2,7,Nouveaux Clients
13911.0,22,2,559.27,4,4,4,12,Champions
13922.0,75,1,172.25,2,1,1,4,Clients Perdus
13929.0,50,1,412.85,2,1,3,6,Clients Perdus
13931.0,4,1,378.21000000000004,5,1,3,9,Nouveaux Clients
13932.0,18,1,307.4,4,1,2,7,Nouveaux Clients
13939.0,35,1,184.5,3,1,2,6,Clients Ordinaires
13941.0,21,2,2118.96,4,4,5,13,Champions
13948.0,84,1,102.0,1,1,1,3,Clients Perdus
13951.0,18,1,212.56,4,1,2,7,Nouveaux Clients
13953.0,76,1,500.0,2,1,3,6,Clients Perdus
13955.0,29,1,205.1,3,1,2,6,Clients Ordinaires
13959.0,4,2,337.44,5,4,3,12,Clients Fidèles
13963.0,32,4,664.54,3,5,4,12,Clients Fidèles
13969.0,46,2,662.83,2,4,4,10,À Risque
13971.0,9,1,333.48,5,1,3,9,Nouveaux Clients
13973.0,11,1,264.7,5,1,2,8,Nouveaux Clients
13982.0,50,2,903.8,2,4,4,10,À Risque
13983.0,29,4,949.94,3,5,4,12,Clients Fidèles
13984.0,49,2,284.75,2,4,2,8,Clients Ordinaires
13993.0,13,2,822.85,4,4,4,12,Champions
13999.0,46,2,609.7,2,4,4,10,À Risque
14001.0,97,1,301.24,1,1,2,4,Clients Perdus
14004.0,12,1,900.02,5,1,4,10,Nouveaux Clients
14006.0,36,1,304.44,3,1,2,6,Clients Ordinaires
14012.0,1,1,328.8,5,1,3,9,Nouveaux Clients
14016.0,81,1,753.74,2,1,4,7,Clients Perdus
14030.0,29,3,983.73,3,5,5,13,Clients Fidèles
14031.0,4,6,4526.59,5,5,5,15,Champions
14032.0,79,2,619.42,2,4,4,10,À Risque
14035.0,21,1,301.6,4,1,2,7,Nouveaux Clients
14036.0,8,1,626.65,5,1,4,10,Nouveaux Clients
14037.0,88,1,111.8,1,1,1,3,Clients Perdus
14040.0,37,3,914.05,3,5,4,12,Clients Fidèles
14044.0,33,1,170.44,3,1,1,5,Clients Ordinaires
14045.0,61,3,1251.75,2,5,5,12,À Risque
14046.0,8,1,154.99,5,1,1,7,Nouveaux Clients
14047.0,60,2,296.22,2,4,2,8,Clients Ordinaires
14048.0,29,1,409.93,3,1,3,7,Clients Ordinaires
14049.0,41,1,1028.08,3,1,5,9,Clients Ordinaires
14051.0,11,6,3126.36,5,5,5,15,Champions
14056.0,8,1,582.37,5,1,4,10,Nouveaux Clients
14057.0,4,5,1936.73,5,5,5,15,Champions
14060.0,14,6,1931.46,4,5,5,14,Champions
14062.0,47,4,3096.39,2,5,5,12,À Risque
14068.0,44,1,265.85,2,1,2,5,Clients Perdus
14078.0,8,2,306.28999999999996,5,4,2,11,Clients Prometteurs
14081.0,26,2,921.62,4,4,4,12,Champions
14082.0,88,1,182.25,1,1,2,4,Clients Perdus
14083.0,78,3,444.36,2,5,3,10,À Risque
14085.0,33,6,1960.66,3,5,5,13,Clients Fidèles
14088.0,46,1,7544.91,2,1,5,8,Clients Perdus
14090.0,48,1,76.32000000000001,2,1,1,4,Clients Perdus
14092.0,46,3,920.23,2,5,4,11,À Risque
14099.0,19,3,818.73,4,5,4,13,Champions
14101.0,18,2,1844.03,4,4,5,13,Champions
14107.0,20,2,621.09,4,4,4,12,Champions
14113.0,78,1,433.5,2,1,3,6,Clients Perdus
14114.0,54,1,195.13,2,1,2,5,Clients Perdus
14127.0,34,1,314.63,3,1,3,7,Clients Ordinaires
14130.0,43,1,480.91,2,1,3,6,Clients Perdus
14133.0,39,1,318.0,3,1,3,7,Clients Ordinaires
14135.0,50,7,1811.91,2,5,5,12,À Risque
14142.0,97,1,311.81,1,1,2,4,Clients Perdus
14146.0,81,1,1241.43,2,1,5,8,Clients Perdus
14147.0,9,1,182.8,5,1,2,8,Nouveaux Clients
14150.0,83,1,306.18,1,1,2,4,Clients Perdus
14156.0,7,8,28278.4,5,5,5,15,Champions
14157.0,9,1,269.18,5,1,2,8,Nouveaux Clients
14159.0,86,1,189.92,1,1,2,4,Clients Perdus
14161.0,2,2,546.19,5,4,4,13,Champions
14162.0,16,1,177.68,4,1,1,6,Nouveaux Clients
14167.0,55,1,148.35,2,1,1,4,Clients Perdus
14175.0,53,1,322.58,2,1,3,6,Clients Perdus
14176.0,21,4,576.9000000000001,4,5,4,13,Champions
14180.0,6,10,2235.62,5,5,5,15,Champions
14185.0,55,1,197.65,2,1,2,5,Clients Perdus
14188.0,34,1,398.0,3,1,3,7,Clients Ordinaires
14189.0,12,4,1165.49,5,5,5,15,Champions
14194.0,32,1,516.95,3,1,3,7,Clients Ordinaires
14201.0,83,1,67.24000000000001,1,1,1,3,Clients Perdus
14209.0,56,1,347.95,2,1,3,6,Clients Perdus
14210.0,20,3,977.3900000000001,4,5,5,14,Champions
14211.0,8,2,465.1,5,4,3,12,Clients Fidèles
14214.0,1,1,638.65,5,1,4,10,Nouveaux Clients
14215.0,39,3,922.11,3,5,4,12,Clients Fidèles
14217.0,35,4,378.8,3,5,3,11,Clients Fidèles
14220.0,81,1,312.98,2,1,3,6,Clients Perdus
14221.0,63,1,312.95,2,1,3,6,Clients Perdus
14224.0,44,1,244.3,2,1,2,5,Clients Perdus
14227.0,8,1,736.7,5,1,4,10,Nouveaux Clients
14229.0,15,2,762.13,4,4,4,12,Champions
14231.0,12,1,308.95,5,1,2,8,Nouveaux Clients
14233.0,34,2,630.95,3,4,4,11,Clients Fidèles
14236.0,95,1,189.3,1,1,2,4,Clients Perdus
14237.0,97,1,161.0,1,1,1,3,Clients Perdus
14238.0,50,1,146.85,2,1,1,4,Clients Perdus
14239.0,6,3,795.48,5,5,4,14,Champions
14242.0,49,1,138.35,2,1,1,4,Clients Perdus
14243.0,12,4,1139.8,5,5,5,15,Champions
14247.0,2,1,136.76999999999998,5,1,1,7,Nouveaux Clients
14248.0,42,1,302.58,3,2,2,7,Clients Prometteurs
14256.0,88,1,523.86,1,2,4,7,Clients Perdus
14257.0,42,1,620.14,3,2,4,9,Clients Prometteurs
14258.0,22,2,4286.18,4,4,5,13,Champions
14270.0,55,1,492.65000000000003,2,2,3,7,Clients Perdus
14276.0,13,1,341.2,4,2,3,9,Nouveaux Clients
14282.0,91,1,571.0,1,2,4,7,Clients Perdus
14289.0,13,1,322.24,4,2,3,9,Nouveaux Clients
14290.0,85,1,777.5600000000001,1,2,4,7,Clients Perdus
14292.0,6,1,463.0,5,2,3,10,Nouveaux Clients
14293.0,29,2,508.02000000000004,3,4,3,10,Clients Fidèles
14298.0,12,14,11823.9,5,5,5,15,Champions
14299.0,42,4,1565.94,3,5,5,13,Clients Fidèles
14307.0,48,2,1270.56,2,4,5,11,À Risque
14309.0,20,3,588.39,4,5,4,13,Champions
14312.0,34,2,436.37,3,4,3,10,Clients Fidèles
14320.0,56,1,352.51,2,2,3,7,Clients Perdus
14321.0,57,1,326.82,2,2,3,7,Clients Perdus
14329.0,53,1,1547.58,2,2,5,9,Clients Perdus
14334.0,43,2,672.57,2,4,4,10,À Risque
14341.0,42,2,335.63,3,4,3,10,Clients Fidèles
14344.0,82,3,355.65000000000003,2,5,3,10,À Risque
14346.0,21,1,262.44,4,2,2,8,Nouveaux Clients
14355.0,89,1,174.4,1,2,1,4,Clients Perdus
14368.0,43,1,155.0,2,2,1,5,Clients Perdus
14371.0,19,1,100.5,4,2,1,7,Nouveaux Clients
14373.0,82,1,76.55,2,2,1,5,Clients Perdus
14379.0,19,1,110.98,4,2,1,7,Nouveaux Clients
14386.0,20,1,142.4,4,2,1,7,Nouveaux Clients
14388.0,5,2,714.25,5,4,4,13,Champions
14390.0,96,1,223.7,1,2,2,5,Clients Perdus
14395.0,58,2,689.36,2,4,4,10,À Risque
14396.0,95,1,110.35000000000001,1,2,1,4,Clients Perdus
14401.0,39,2,552.12,3,4,4,11,Clients Fidèles
14404.0,51,2,391.08,2,4,3,9,À Risque
14409.0,42,3,666.1,3,5,4,12,Clients Fidèles
14410.0,29,1,137.65,3,2,1,6,Clients Prometteurs
14411.0,34,1,1063.0,3,2,5,10,Clients Prometteurs
14413.0,86,1,121.05,1,2,1,4,Clients Perdus
14414.0,82,1,217.2,2,2,2,6,Clients Perdus
14415.0,28,3,1581.56,3,5,5,13,Clients Fidèles
14419.0,88,1,124.1,1,2,1,4,Clients Perdus
14426.0,36,2,701.17,3,4,4,11,Clients Fidèles
14428.0,49,1,203.55,2,2,2,6,Clients Perdus
14431.0,26,1,470.36,4,2,3,9,Nouveaux Clients
14437.0,89,1,63.0,1,2,1,4,Clients Perdus
14438.0,30,1,131.9,3,2,1,6,Clients Prometteurs
14439.0,43,1,2661.24,2,2,5,9,Clients Perdus
14440.0,40,2,1185.71,3,4,5,12,Clients Fidèles
14442.0,40,1,675.58,3,2,4,9,Clients Prometteurs
14443.0,34,2,608.4,3,4,4,11,Clients Fidèles
14447.0,4,1,265.0,5,2,2,9,Nouveaux Clients
14448.0,88,1,102.35000000000001,1,2,1,4,Clients Perdus
14449.0,96,1,210.24,1,2,2,5,Clients Perdus
14450.0,44,1,161.03,2,2,1,5,Clients Perdus
14457.0,34,1,113.64,3,2,1,6,Clients Prometteurs
14460.0,34,1,30.0,3,2,1,6,Clients Prometteurs
14462.0,32,3,444.02,3,5,3,11,Clients Fidèles
14465.0,26,1,597.3,4,2,4,10,Nouveaux Clients
14466.0,4,3,1035.65,5,5,5,15,Champions
14467.0,36,1,131.7,3,2,1,6,Clients Prometteurs
14470.0,11,1,297.64,5,2,2,9,Nouveaux Clients
14472.0,9,3,944.1899999999999,5,5,4,14,Champions
14473.0,6,1,85.0,5,2,1,8,Nouveaux Clients
14475.0,28,1,306.55,3,2,2,7,Clients Prometteurs
14477.0,21,1,165.0,4,2,1,7,Nouveaux Clients
14479.0,89,1,174.4,1,2,1,4,Clients Perdus
14481.0,11,1,302.86,5,2,2,9,Nouveaux Clients
14483.0,5,1,137.1,5,2,1,8,Nouveaux Clients
14487.0,92,1,125.10000000000001,1,2,1,4,Clients Perdus
14491.0,96,1,127.2,1,2,1,4,Clients Perdus
14496.0,35,2,538.8100000000001,3,4,4,11,Clients Fidèles
14497.0,33,1,475.37,3,2,3,8,Clients Prometteurs
14498.0,85,1,166.22,1,2,1,4,Clients Perdus
14499.0,2,1,122.87,5,2,1,8,Nouveaux Clients
14501.0,43,1,66.93,2,2,1,5,Clients Perdus
14502.0,16,2,445.4,4,4,3,11,Clients Fidèles
14504.0,2,1,147.23,5,2,1,8,Nouveaux Clients
14505.0,61,2,1355.66,2,4,5,11,À Risque
14506.0,7,2,554.16,5,4,4,13,Champions
14513.0,12,1,18.75,5,2,1,8,Nouveaux Clients
14514.0,55,1,255.25,2,2,2,6,Clients Perdus
14520.0,14,1,165.0,4,2,1,7,Nouveaux Clients
14524.0,5,2,470.05,5,4,3,12,Clients Fidèles
14525.0,50,2,726.95,2,4,4,10,À Risque
14527.0,8,14,2132.14,5,5,5,15,Champions
14530.0,20,1,662.86,4,2,4,10,Nouveaux Clients
14532.0,9,3,792.3000000000001,5,5,4,14,Champions
14533.0,76,1,433.5,2,2,3,7,Clients Perdus
14534.0,21,3,770.73,4,5,4,13,Champions
14540.0,33,1,195.9,3,2,2,7,Clients Prometteurs
14541.0,11,4,832.35,5,5,4,14,Champions
14543.0,20,3,946.25,4,5,4,13,Champions
14544.0,85,1,1101.77,1,2,5,8,Clients Perdus
14548.0,41,1,326.4,3,2,3,8,Clients Prometteurs
14549.0,35,1,289.24,3,2,2,7,Clients Prometteurs
14553.0,63,1,201.94,2,2,2,6,Clients Perdus
14555.0,26,1,186.34,4,2,2,8,Nouveaux Clients
14560.0,7,5,704.47,5,5,4,14,Champions
14562.0,13,2,434.7,4,4,3,11,Clients Fidèles
14565.0,85,1,1167.41,1,2,5,8,Clients Perdus
14570.0,4,2,218.06,5,4,2,11,Clients Prometteurs
14572.0,48,1,331.03,2,2,3,7,Clients Perdus
14573.0,5,3,705.1,5,5,4,14,Champions
14576.0,96,1,35.400000000000006,1,2,1,4,Clients Perdus
14577.0,86,1,346.90000000000003,1,2,3,6,Clients Perdus
14587.0,28,3,511.12,3,5,3,11,Clients Fidèles
14589.0,95,1,39.75,1,2,1,4,Clients Perdus
14594.0,97,1,255.0,1,2,2,5,Clients Perdus
14595.0,37,1,163.8,3,2,1,6,Clients Prometteurs
14600.0,29,1,393.33000000000004,3,2,3,8,Clients Prometteurs
14606.0,1,28,4114.32,5,5,5,15,Champions
14608.0,86,1,204.0,1,2,2,5,Clients Perdus
14609.0,20,1,144.0,4,2,1,7,Nouveaux Clients
14616.0,8,2,247.68000000000004,5,4,2,11,Clients Prometteurs
14618.0,61,1,211.8,2,2,2,6,Clients Perdus
14620.0,7,1,235.35,5,2,2,9,Nouveaux Clients
14621.0,82,1,305.7,2,2,2,6,Clients Perdus
14625.0,85,1,585.53,1,2,4,7,Clients Perdus
14631.0,22,1,309.5,4,2,2,8,Nouveaux Clients
14639.0,15,2,1235.13,4,4,5,13,Champions
14643.0,81,1,357.94,2,2,3,7,Clients Perdus
14644.0,22,1,187.50000000000003,4,2,2,8,Nouveaux Clients
14646.0,14,10,57866.02,4,5,5,14,Champions
14653.0,62,1,344.81,2,2,3,7,Clients Perdus
14656.0,7,1,133.11,5,2,1,8,Nouveaux Clients
14657.0,6,2,524.4,5,4,4,13,Champions
14659.0,21,2,774.97,4,4,4,12,Champions
14662.0,40,1,96.95,3,2,1,6,Clients Prometteurs
14665.0,20,3,731.66,4,5,4,13,Champions
14667.0,16,7,2586.25,4,5,5,14,Champions
14669.0,56,2,837.5,2,4,4,10,À Risque
14670.0,4,2,392.86,5,4,3,12,Clients Fidèles
14672.0,60,1,285.28000000000003,2,2,2,6,Clients Perdus
14673.0,91,1,373.49,1,2,3,6,Clients Perdus
14676.0,7,1,556.32,5,2,4,11,Nouveaux Clients
14680.0,18,5,8284.12,4,5,5,14,Champions
14684.0,86,1,168.36,1,2,1,4,Clients Perdus
14688.0,7,6,1700.42,5,5,5,15,Champions
14692.0,23,2,380.85,4,4,3,11,Clients Fidèles
14696.0,49,2,588.25,2,4,4,10,À Risque
14701.0,2,3,892.61,5,5,4,14,Champions
14702.0,4,6,1185.7,5,5,5,15,Champions
14708.0,92,1,419.06,1,2,3,6,Clients Perdus
14709.0,40,2,722.05,3,4,4,11,Clients Fidèles
14713.0,46,3,648.09,2,5,4,11,À Risque
14715.0,22,2,247.45,4,4,2,10,Clients Prometteurs
14723.0,81,3,455.65,2,5,3,10,À Risque
14729.0,97,1,313.49,1,2,3,6,Clients Perdus
14732.0,7,2,673.98,5,4,4,13,Champions
14733.0,26,6,6940.72,4,5,5,14,Champions
14735.0,34,5,1016.85,3,5,5,13,Clients Fidèles
14737.0,77,1,434.0,2,2,3,7,Clients Perdus
14738.0,40,1,204.77,3,2,2,7,Clients Prometteurs
14739.0,62,2,943.44,2,4,4,10,À Risque
14740.0,7,1,521.1,5,2,3,10,Nouveaux Clients
14741.0,85,2,495.3,1,4,3,8,À Risque
14744.0,21,5,928.03,4,5,4,13,Champions
14745.0,9,1,240.60000000000002,5,2,2,9,Nouveaux Clients
14748.0,92,2,470.42,1,4,3,8,À Risque
14754.0,19,1,228.26999999999998,4,2,2,8,Nouveaux Clients
14755.0,20,2,994.48,4,4,5,13,Champions
14760.0,21,1,89.2,4,2,1,7,Nouveaux Clients
14761.0,58,1,97.5,2,2,1,5,Clients Perdus
14766.0,90,1,180.4,1,2,2,5,Clients Perdus
14769.0,48,2,870.99,2,4,4,10,À Risque
14770.0,47,1,278.6,2,2,2,6,Clients Perdus
14775.0,96,1,406.56,1,2,3,6,Clients Perdus
14776.0,36,1,558.36,3,2,4,9,Clients Prometteurs
14778.0,32,1,334.05,3,2,3,8,Clients Prometteurs
14779.0,4,3,386.15,5,5,3,13,Clients Fidèles
14782.0,43,1,200.10000000000002,2,2,2,6,Clients Perdus
14784.0,47,1,114.68,2,2,1,5,Clients Perdus
14794.0,58,1,179.1,2,2,2,6,Clients Perdus
14796.0,4,6,2285.39,5,5,5,15,Champions
14798.0,34,1,75.68,3,2,1,6,Clients Prometteurs
14800.0,58,3,1753.6399999999999,2,5,5,12,À Risque
14803.0,16,1,542.15,4,2,4,10,Nouveaux Clients
14805.0,37,1,109.25,3,2,1,6,Clients Prometteurs
14810.0,9,4,641.74,5,5,4,14,Champions
14813.0,93,2,152.88,1,4,1,6,Clients Ordinaires
14817.0,1,1,580.79,5,2,4,11,Nouveaux Clients
14821.0,90,1,48.800000000000004,1,2,1,4,Clients Perdus
14825.0,21,3,631.87,4,5,4,13,Champions
14828.0,60,1,582.0,2,2,4,8,Clients Perdus
14829.0,84,2,385.33,1,4,3,8,À Risque
14841.0,12,2,991.95,5,4,5,14,Champions
14842.0,32,1,310.0,3,2,2,7,Clients Prometteurs
14849.0,21,8,1428.03,4,5,5,14,Champions
14850.0,35,1,325.75,3,2,3,8,Clients Prometteurs
14865.0,95,1,37.2,1,2,1,4,Clients Perdus
14866.0,90,1,103.67999999999999,1,2,1,4,Clients Perdus
14867.0,60,1,300.74,2,2,2,6,Clients Perdus
14871.0,84,1,120.95,1,2,1,4,Clients Perdus
14878.0,16,2,433.89000000000004,4,4,3,11,Clients Fidèles
14880.0,12,1,129.2,5,2,1,8,Nouveaux Clients
14889.0,60,1,135.9,2,2,1,5,Clients Perdus
14895.0,14,1,2346.34,4,2,5,11,Nouveaux Clients
14896.0,89,1,257.22,1,2,2,5,Clients Perdus
14897.0,20,1,175.5,4,2,1,7,Nouveaux Clients
14898.0,26,3,424.05,4,5,3,12,Clients Fidèles
14901.0,84,3,497.04999999999995,1,5,3,9,À Risque
14903.0,2,1,529.88,5,2,4,11,Nouveaux Clients
14907.0,84,3,960.69,1,5,4,10,À Risque
14911.0,4,25,15524.09,5,5,5,15,Champions
14913.0,83,1,300.87,1,2,2,5,Clients Perdus
14915.0,1,1,142.28,5,2,1,8,Nouveaux Clients
14916.0,48,1,295.05,2,2,2,6,Clients Perdus
14932.0,89,1,363.53,1,2,3,6,Clients Perdus
14934.0,6,1,828.84,5,2,4,11,Nouveaux Clients
14935.0,21,1,1784.71,4,2,5,11,Nouveaux Clients
14944.0,20,2,754.29,4,4,4,12,Champions
14952.0,9,3,2183.83,5,5,5,15,Champions
14959.0,20,1,178.66,4,2,2,8,Nouveaux Clients
14961.0,21,3,2103.03,4,5,5,14,Champions
14970.0,40,1,337.5,3,2,3,8,Clients Prometteurs
14976.0,50,1,155.95,2,2,1,5,Clients Perdus
14978.0,13,3,1132.4,4,5,5,14,Champions
14985.0,81,1,119.77,2,2,1,5,Clients Perdus
14987.0,89,1,163.2,1,2,1,4,Clients Perdus
14995.0,4,1,119.31,5,2,1,8,Nouveaux Clients
15002.0,20,3,1147.5900000000001,4,5,5,14,Champions
15005.0,5,5,1102.26,5,5,5,15,Champions
15012.0,97,1,188.56,1,2,2,5,Clients Perdus
15018.0,91,1,111.25,1,2,1,4,Clients Perdus
15021.0,90,1,198.09,1,2,2,5,Clients Perdus
15023.0,49,2,984.35,2,4,5,11,À Risque
15024.0,20,3,680.59,4,5,4,13,Champions
15026.0,1,1,108.97999999999999,5,2,1,8,Nouveaux Clients
15028.0,92,1,185.97,1,2,2,5,Clients Perdus
15031.0,6,1,150.83,5,2,1,8,Nouveaux Clients
15032.0,90,2,2770.6,1,4,5,10,À Risque
15033.0,53,1,556.55,2,2,4,8,Clients Perdus
15034.0,2,3,1650.6100000000001,5,5,5,15,Champions
15038.0,93,1,118.88,1,2,1,4,Clients Perdus
15039.0,1,14,6720.92,5,5,5,15,Champions
15044.0,19,7,3168.6,4,5,5,14,Champions
15046.0,9,5,1188.19,5,5,5,15,Champions
15048.0,92,1,98.7,1,2,1,4,Clients Perdus
15052.0,43,1,207.73000000000002,2,2,2,6,Clients Perdus
15053.0,5,1,222.65,5,2,2,9,Nouveaux Clients
15057.0,39,1,1131.0,3,2,5,10,Clients Prometteurs
15058.0,23,3,470.57,4,5,3,12,Clients Fidèles
15059.0,20,3,369.91,4,5,3,12,Clients Fidèles
15061.0,6,20,23524.14,5,5,5,15,Champions
15062.0,8,2,460.98,5,4,3,12,Clients Fidèles
15065.0,15,1,773.66,4,2,4,10,Nouveaux Clients
15067.0,6,1,848.05,5,2,4,11,Nouveaux Clients
15070.0,96,1,106.2,1,2,1,4,Clients Perdus
15078.0,11,7,2218.64,5,5,5,15,Champions
15079.0,39,2,509.24,3,4,3,10,Clients Fidèles
15081.0,91,1,111.15,1,2,1,4,Clients Perdus
15087.0,5,1,306.94,5,2,2,9,Nouveaux Clients
15090.0,32,1,381.32,3,2,3,8,Clients Prometteurs
15092.0,7,1,323.16,5,2,3,10,Nouveaux Clients
15093.0,11,3,2603.21,5,5,5,15,Champions
15100.0,57,3,876.0,2,5,4,11,À Risque
15101.0,83,1,102.28,1,2,1,4,Clients Perdus
15104.0,6,1,374.64,5,2,3,10,Nouveaux Clients
15107.0,35,6,319.5,3,5,3,11,Clients Fidèles
15110.0,42,1,169.65,3,2,1,6,Clients Prometteurs
15111.0,96,1,288.5,1,2,2,5,Clients Perdus
15114.0,25,1,259.05,4,2,2,8,Nouveaux Clients
15121.0,12,1,295.15,5,2,2,9,Nouveaux Clients
15122.0,21,1,397.04,4,2,3,9,Nouveaux Clients
15129.0,15,1,355.40000000000003,4,2,3,9,Nouveaux Clients
15133.0,25,1,333.2,4,2,3,9,Nouveaux Clients
15139.0,60,1,122.10000000000001,2,2,1,5,Clients Perdus
15144.0,36,1,378.32,3,2,3,8,Clients Prometteurs
15146.0,15,1,834.22,4,2,4,10,Nouveaux Clients
15157.0,82,1,1085.46,2,2,5,9,Clients Perdus
15159.0,39,4,2698.12,3,5,5,13,Clients Fidèles
15160.0,81,1,158.16,2,2,1,5,Clients Perdus
15164.0,63,1,168.44,2,2,1,5,Clients Perdus
15165.0,97,1,487.75,1,2,3,6,Clients Perdus
15167.0,44,1,158.8,2,2,1,5,Clients Perdus
15171.0,55,1,1289.5,2,2,5,9,Clients Perdus
15174.0,46,1,135.75,2,2,1,5,Clients Perdus
15179.0,43,1,1285.62,2,2,5,9,Clients Perdus
15180.0,91,1,87.5,1,2,1,4,Clients Perdus
15189.0,6,5,1619.72,5,5,5,15,Champions
15192.0,89,1,315.0,1,2,3,6,Clients Perdus
15194.0,7,6,2513.73,5,5,5,15,Champions
15197.0,81,1,556.5,2,2,4,8,Clients Perdus
15199.0,32,1,353.09999999999997,3,2,3,8,Clients Prometteurs
15203.0,35,1,211.94,3,2,2,7,Clients Prometteurs
15204.0,81,1,316.58,2,2,3,7,Clients Perdus
15208.0,77,1,65.4,2,2,1,5,Clients Perdus
15211.0,89,1,383.07,1,2,3,6,Clients Perdus
15213.0,42,2,328.35,3,4,3,10,Clients Fidèles
15218.0,42,1,581.66,3,2,4,9,Clients Prometteurs
15220.0,4,1,316.11,5,2,3,10,Nouveaux Clients
15221.0,90,1,403.25,1,2,3,6,Clients Perdus
15222.0,42,1,585.0,3,2,4,9,Clients Prometteurs
15224.0,82,2,322.08,2,4,3,9,À Risque
15226.0,34,1,154.41,3,2,1,6,Clients Prometteurs
15227.0,8,2,625.07,5,4,4,13,Champions
15228.0,18,1,904.85,4,2,4,10,Nouveaux Clients
15235.0,8,9,1460.94,5,5,5,15,Champions
15236.0,22,1,321.05,4,2,3,9,Nouveaux Clients
15240.0,35,1,312.9,3,2,3,8,Clients Prometteurs
15241.0,7,1,395.33,5,2,3,10,Nouveaux Clients
15246.0,82,1,186.0,2,2,2,6,Clients Perdus
15257.0,7,1,317.15,5,2,3,10,Nouveaux Clients
15260.0,96,2,420.5,1,4,3,8,À Risque
15262.0,47,1,178.95000000000002,2,2,2,6,Clients Perdus
15266.0,62,1,119.3,2,2,1,5,Clients Perdus
15270.0,25,3,1013.5,4,5,5,14,Champions
15271.0,61,2,364.84999999999997,2,4,3,9,À Risque
15279.0,78,1,290.51,2,2,2,6,Clients Perdus
15281.0,11,2,1014.57,5,4,5,14,Champions
15288.0,89,1,165.65,1,2,1,4,Clients Perdus
15290.0,1,5,1099.1299999999999,5,5,5,15,Champions
15291.0,1,5,1417.19,5,5,5,15,Champions
15296.0,50,1,1199.33,2,2,5,9,Clients Perdus
15298.0,48,3,873.08,2,5,4,11,À Risque
15299.0,96,3,1835.01,1,5,5,11,À Risque
15301.0,92,1,673.37,1,2,4,7,Clients Perdus
15303.0,14,1,574.02,4,2,4,10,Nouveaux Clients
15304.0,5,2,228.60000000000002,5,4,2,11,Clients Prometteurs
15311.0,4,28,15185.1,5,5,5,15,Champions
15312.0,78,1,289.74,2,2,2,6,Clients Perdus
15316.0,50,1,165.0,2,2,1,5,Clients Perdus
15319.0,7,1,204.5,5,2,2,9,Nouveaux Clients
15321.0,15,1,1159.47,4,2,5,11,Nouveaux Clients
15326.0,57,1,311.71,2,2,2,6,Clients Perdus
15332.0,90,4,1661.06,1,5,5,11,À Risque
15339.0,42,1,257.9,3,2,2,7,Clients Prometteurs
15346.0,56,1,252.42000000000002,2,2,2,6,Clients Perdus
15347.0,90,1,201.60000000000002,1,2,2,5,Clients Perdus
15350.0,97,1,115.65,1,2,1,4,Clients Perdus
15351.0,93,1,274.67,1,2,2,5,Clients Perdus
15353.0,91,1,311.65,1,2,2,5,Clients Perdus
15356.0,20,3,590.21,4,5,4,13,Champions
15358.0,4,8,3456.9,5,5,5,15,Champions
15361.0,85,1,418.92,1,2,3,6,Clients Perdus
15363.0,96,1,326.0,1,2,3,6,Clients Perdus
15365.0,39,1,208.61,3,2,2,7,Clients Prometteurs
15366.0,82,1,105.54,2,2,1,5,Clients Perdus
15370.0,21,2,754.22,4,4,4,12,Champions
15373.0,13,4,900.0,4,5,4,13,Champions
15379.0,47,3,2682.09,2,5,5,12,À Risque
15380.0,89,1,230.10000000000002,1,2,2,5,Clients Perdus
15382.0,19,1,1019.42,4,2,5,11,Nouveaux Clients
15384.0,83,1,303.57,1,2,2,5,Clients Perdus
15392.0,84,1,338.98,1,2,3,6,Clients Perdus
15393.0,5,1,124.10000000000001,5,2,1,8,Nouveaux Clients
15394.0,82,1,587.66,2,2,4,8,Clients Perdus
15395.0,49,1,107.45,2,2,1,5,Clients Perdus
15397.0,13,1,94.0,4,2,1,7,Nouveaux Clients
15400.0,2,1,346.1,5,2,3,10,Nouveaux Clients
15406.0,25,1,252.29,4,2,2,8,Nouveaux Clients
15407.0,29,1,165.0,3,2,1,6,Clients Prometteurs
15415.0,37,1,559.61,3,2,4,9,Clients Prometteurs
15416.0,6,1,1375.24,5,2,5,12,Nouveaux Clients
15421.0,34,1,295.06,3,2,2,7,Clients Prometteurs
15422.0,47,2,97.7,2,4,1,7,Clients Ordinaires
15426.0,93,1,382.57,1,2,3,6,Clients Perdus
15443.0,44,1,437.71,2,2,3,7,Clients Perdus
15447.0,54,1,155.17,2,2,1,5,Clients Perdus
15448.0,36,1,494.64,3,2,3,8,Clients Prometteurs
15454.0,86,1,179.1,1,2,2,5,Clients Perdus
15456.0,7,3,434.59000000000003,5,5,3,13,Clients Fidèles
15460.0,78,1,214.26,2,2,2,6,Clients Perdus
15464.0,62,1,1044.65,2,2,5,9,Clients Perdus
15465.0,2,7,2869.16,5,5,5,15,Champions
15482.0,82,2,548.44,2,4,4,10,À Risque
15485.0,60,2,1268.13,2,4,5,11,À Risque
15497.0,43,1,970.6,2,2,5,9,Clients Perdus
15498.0,1,7,4655.56,5,5,5,15,Champions
15502.0,92,3,929.4,1,5,4,10,À Risque
15503.0,86,1,141.04,1,2,1,4,Clients Perdus
15510.0,54,1,250.0,2,2,2,6,Clients Perdus
15512.0,83,1,101.2,1,2,1,4,Clients Perdus
15513.0,40,5,2414.26,3,5,5,13,Clients Fidèles
15514.0,4,5,2116.7400000000002,5,5,5,15,Champions
15518.0,42,3,618.95,3,5,4,12,Clients Fidèles
15525.0,97,1,274.93,1,2,2,5,Clients Perdus
15527.0,39,2,580.3,3,4,4,11,Clients Fidèles
15529.0,47,3,570.89,2,5,4,11,À Risque
15532.0,82,1,353.8,2,2,3,7,Clients Perdus
15535.0,51,2,259.04,2,4,2,8,Clients Ordinaires
15543.0,12,1,127.86,5,2,1,8,Nouveaux Clients
15544.0,11,3,1199.1200000000001,5,5,5,15,Champions
15545.0,95,1,135.32999999999998,1,2,1,4,Clients Perdus
15547.0,9,4,1413.83,5,5,5,15,Champions
15549.0,40,1,930.3000000000001,3,2,4,9,Clients Prometteurs
15550.0,25,1,137.89999999999998,4,2,1,7,Nouveaux Clients
15554.0,1,1,217.2,5,2,2,9,Nouveaux Clients
15555.0,85,3,989.82,1,5,5,11,À Risque
15562.0,75,1,134.55,2,2,1,5,Clients Perdus
15563.0,82,1,270.19,2,2,2,6,Clients Perdus
15569.0,56,1,288.5,2,2,2,6,Clients Perdus
15570.0,8,6,1967.39,5,5,5,15,Champions
15572.0,2,2,445.90999999999997,5,4,3,12,Clients Fidèles
15574.0,82,3,563.54,2,5,4,11,À Risque
15577.0,29,1,29.65,3,2,1,6,Clients Prometteurs
15579.0,37,1,195.35,3,2,2,7,Clients Prometteurs
15581.0,77,4,323.86,2,5,3,10,À Risque
15587.0,75,1,344.88,2,2,3,7,Clients Perdus
15589.0,34,1,184.95,3,2,2,7,Clients Prometteurs
15596.0,5,3,1080.5,5,5,5,15,Champions
15601.0,19,7,3790.2000000000003,4,5,5,14,Champions
15602.0,36,4,404.75,3,5,3,11,Clients Fidèles
15605.0,13,2,377.6,4,4,3,11,Clients Fidèles
15606.0,2,4,1194.67,5,5,5,15,Champions
15607.0,60,1,104.76,2,2,1,5,Clients Perdus
15611.0,4,2,204.0,5,4,2,11,Clients Prometteurs
15615.0,22,5,2435.1,4,5,5,14,Champions
15620.0,82,1,424.49,2,2,3,7,Clients Perdus
15622.0,6,1,576.0,5,2,4,11,Nouveaux Clients
15626.0,53,1,281.88,2,2,2,6,Clients Perdus
15628.0,90,1,319.18,1,2,3,6,Clients Perdus
15636.0,6,1,306.7,5,2,2,9,Nouveaux Clients
15640.0,23,5,4278.38,4,5,5,14,Champions
15641.0,6,2,762.16,5,4,4,13,Champions
15643.0,6,1,337.1,5,2,3,10,Nouveaux Clients
15646.0,96,1,189.8,1,2,2,5,Clients Perdus
15649.0,60,2,816.0,2,4,4,10,À Risque
15656.0,8,1,242.95,5,2,2,9,Nouveaux Clients
15658.0,33,2,576.4000000000001,3,4,4,11,Clients Fidèles
15660.0,7,2,364.3,5,4,3,12,Clients Fidèles
15661.0,41,2,309.8,3,4,2,9,Clients Prometteurs
15670.0,20,1,173.05,4,2,1,7,Nouveaux Clients
15673.0,51,1,880.26,2,2,4,8,Clients Perdus
15675.0,4,1,45.0,5,2,1,8,Nouveaux Clients
15676.0,7,1,897.8,5,2,4,11,Nouveaux Clients
15680.0,90,1,478.89,1,2,3,6,Clients Perdus
15681.0,4,1,345.68,5,2,3,10,Nouveaux Clients
15687.0,13,3,1032.55,4,5,5,14,Champions
15689.0,85,1,103.5,1,2,1,4,Clients Perdus
15694.0,54,4,1245.12,2,5,5,12,À Risque
15696.0,2,4,999.5600000000001,5,5,5,15,Champions
15708.0,9,4,1513.3600000000001,5,5,5,15,Champions
15709.0,7,1,133.25,5,2,1,8,Nouveaux Clients
15712.0,11,1,299.8,5,2,2,9,Nouveaux Clients
15713.0,90,1,171.15,1,2,1,4,Clients Perdus
15716.0,93,1,529.4,1,2,4,7,Clients Perdus
15719.0,5,3,1042.7,5,5,5,15,Champions
15722.0,14,1,324.05,4,2,3,9,Nouveaux Clients
15723.0,88,1,190.7,1,2,2,5,Clients Perdus
15724.0,8,1,103.65,5,2,1,8,Nouveaux Clients
15727.0,55,2,2071.7,2,4,5,11,À Risque
15732.0,96,1,138.1,1,2,1,4,Clients Perdus
15733.0,6,1,162.3,5,2,1,8,Nouveaux Clients
15738.0,9,4,1285.14,5,5,5,15,Champions
15749.0,56,2,22998.4,2,4,5,11,À Risque
15750.0,7,3,610.92,5,5,4,14,Champions
15752.0,1,2,638.9,5,4,4,13,Champions
15753.0,28,1,79.2,3,2,1,6,Clients Prometteurs
15755.0,18,1,314.68,4,2,3,9,Nouveaux Clients
15759.0,20,2,185.04,4,4,2,10,Clients Prometteurs
15769.0,1,6,12786.48,5,5,5,15,Champions
15777.0,41,3,753.15,3,5,4,12,Clients Fidèles
15780.0,81,1,177.15,2,2,1,5,Clients Perdus
15781.0,29,1,83.35,3,2,1,6,Clients Prometteurs
15785.0,19,1,928.58,4,2,4,10,Nouveaux Clients
15789.0,82,1,351.3,2,2,3,7,Clients Perdus
15796.0,26,1,343.92,4,2,3,9,Nouveaux Clients
15797.0,28,2,1510.2,3,4,5,12,Clients Fidèles
15799.0,58,1,320.21999999999997,2,2,3,7,Clients Perdus
15805.0,12,2,924.5600000000001,5,4,4,13,Champions
15808.0,30,4,3651.27,3,5,5,13,Clients Fidèles
15809.0,26,1,198.8,4,2,2,8,Nouveaux Clients
15810.0,20,1,377.32,4,2,3,9,Nouveaux Clients
15811.0,21,3,897.33,4,5,4,13,Champions
15812.0,41,1,244.8,3,2,2,7,Clients Prometteurs
15820.0,43,1,206.98,2,2,2,6,Clients Perdus
15822.0,83,1,440.2,1,2,3,6,Clients Perdus
15823.0,96,1,15.0,1,2,1,4,Clients Perdus
15827.0,4,7,734.28,5,5,4,14,Champions
15831.0,48,1,309.94,2,2,2,6,Clients Perdus
15834.0,1,1,113.9,5,2,1,8,Nouveaux Clients
15835.0,54,1,301.11,2,2,2,6,Clients Perdus
15838.0,34,2,1235.0,3,4,5,12,Clients Fidèles
15841.0,62,1,331.6,2,2,3,7,Clients Perdus
15843.0,27,1,118.95000000000002,3,2,1,6,Clients Prometteurs
15845.0,11,2,1232.58,5,4,5,14,Champions
15847.0,12,1,180.68,5,2,2,9,Nouveaux Clients
15854.0,35,3,747.3000000000001,3,5,4,12,Clients Fidèles
15856.0,25,4,4360.21,4,5,5,14,Champions
15858.0,13,2,816.22,4,4,4,12,Champions
15860.0,92,1,102.66,1,2,1,4,Clients Perdus
15862.0,97,1,354.23,1,2,3,6,Clients Perdus
15864.0,40,1,242.42000000000002,3,2,2,7,Clients Prometteurs
15867.0,20,6,1068.8700000000001,4,5,5,14,Champions
15869.0,1,2,149.64,5,4,1,10,Clients Prometteurs
15874.0,8,1,584.35,5,2,4,11,Nouveaux Clients
15880.0,93,1,329.03000000000003,1,2,3,6,Clients Perdus
15881.0,36,5,501.39000000000004,3,5,3,11,Clients Fidèles
15882.0,92,2,371.32000000000005,1,4,3,8,À Risque
15885.0,33,1,15.0,3,2,1,6,Clients Prometteurs
15889.0,93,1,272.07,1,2,2,5,Clients Perdus
15894.0,93,1,151.44,1,2,1,4,Clients Perdus
15898.0,91,2,516.64,1,4,3,8,À Risque
15899.0,92,1,56.25,1,2,1,4,Clients Perdus
15903.0,19,1,161.28,4,2,1,7,Nouveaux Clients
15910.0,12,2,310.9,5,4,2,11,Clients Prometteurs
15916.0,54,3,575.0600000000001,2,5,4,11,À Risque
15919.0,92,1,214.07999999999998,1,2,2,5,Clients Perdus
15922.0,97,1,369.5,1,2,3,6,Clients Perdus
15923.0,96,1,127.08,1,2,1,4,Clients Perdus
15932.0,13,1,317.73,4,2,3,9,Nouveaux Clients
15938.0,47,1,74.9,2,2,1,5,Clients Perdus
15939.0,11,4,1364.1000000000001,5,5,5,15,Champions
15940.0,35,1,35.8,3,2,1,6,Clients Prometteurs
15945.0,89,1,181.0,1,2,2,5,Clients Perdus
15950.0,83,1,428.82000000000005,1,2,3,6,Clients Perdus
15951.0,9,1,375.16999999999996,5,2,3,10,Nouveaux Clients
15953.0,7,3,652.12,5,5,4,14,Champions
15955.0,96,1,572.38,1,2,4,7,Clients Perdus
15965.0,91,1,156.19,1,2,1,4,Clients Perdus
15967.0,42,1,161.9,3,2,1,6,Clients Prometteurs
15970.0,27,1,314.1,3,2,3,8,Clients Prometteurs
15971.0,7,2,879.0,5,4,4,13,Champions
15973.0,90,1,307.82000000000005,1,2,2,5,Clients Perdus
15974.0,1,2,917.19,5,4,4,13,Champions
15981.0,35,1,270.0,3,2,2,7,Clients Prometteurs
15983.0,84,3,1138.37,1,5,5,11,À Risque
15984.0,7,4,563.14,5,5,4,14,Champions
15987.0,92,1,113.48,1,2,1,4,Clients Perdus
15990.0,11,1,401.37,5,2,3,10,Nouveaux Clients
15996.0,9,2,473.34,5,4,3,12,Clients Fidèles
15998.0,86,1,863.39,1,2,4,7,Clients Perdus
16003.0,83,1,1181.0,1,2,5,8,Clients Perdus
16010.0,86,1,110.1,1,2,1,4,Clients Perdus
16011.0,14,4,745.69,4,5,4,13,Champions
16013.0,1,13,7846.4,5,5,5,15,Champions
16014.0,15,1,253.63,4,2,2,8,Nouveaux Clients
16016.0,90,1,363.02,1,2,3,6,Clients Perdus
16019.0,20,4,1953.5,4,5,5,14,Champions
16027.0,8,2,399.72,5,4,3,12,Clients Fidèles
16029.0,15,15,19452.27,4,5,5,14,Champions
16030.0,33,1,331.24,3,2,3,8,Clients Prometteurs
16033.0,2,6,1890.82,5,5,5,15,Champions
16034.0,56,1,153.6,2,2,1,5,Clients Perdus
16037.0,28,2,603.46,3,4,4,11,Clients Fidèles
16042.0,56,1,24.95,2,2,1,5,Clients Perdus
16043.0,41,1,307.85,3,2,2,7,Clients Prometteurs
16045.0,14,1,664.45,4,2,4,10,Nouveaux Clients
16048.0,97,2,256.44,1,4,2,7,Clients Ordinaires
16057.0,8,1,683.98,5,2,4,11,Nouveaux Clients
16059.0,51,2,259.5,2,4,2,8,Clients Ordinaires
16062.0,88,1,247.56,1,2,2,5,Clients Perdus
16065.0,89,1,367.14,1,2,3,6,Clients Perdus
16072.0,12,1,584.3199999999999,5,2,4,11,Nouveaux Clients
16073.0,21,1,122.39999999999999,4,2,1,7,Nouveaux Clients
16078.0,7,1,79.2,5,2,1,8,Nouveaux Clients
16081.0,90,1,157.6,1,2,1,4,Clients Perdus
16083.0,84,1,337.98,1,2,3,6,Clients Perdus
16084.0,23,1,436.18,4,2,3,9,Nouveaux Clients
16085.0,44,1,181.35,2,2,2,6,Clients Perdus
16086.0,12,2,278.45,5,4,2,11,Clients Prometteurs
16098.0,22,2,852.4,4,4,4,12,Champions
16109.0,32,1,314.99999999999994,3,2,3,8,Clients Prometteurs
16110.0,35,1,404.0,3,2,3,8,Clients Prometteurs
16112.0,57,2,136.14,2,4,1,7,Clients Ordinaires
16115.0,16,1,138.83,4,2,1,7,Nouveaux Clients
16122.0,56,2,249.84,2,4,2,8,Clients Ordinaires
16124.0,41,1,249.0,3,2,2,7,Clients Prometteurs
16125.0,91,1,289.35,1,2,2,5,Clients Perdus
16126.0,20,1,891.35,4,2,4,10,Nouveaux Clients
16128.0,6,1,388.3,5,2,3,10,Nouveaux Clients
16133.0,11,2,630.91,5,4,4,13,Champions
16134.0,83,1,283.53000000000003,1,2,2,5,Clients Perdus
16136.0,1,1,159.3,5,2,1,8,Nouveaux Clients
16140.0,95,1,124.14,1,2,1,4,Clients Perdus
16143.0,27,3,1212.8500000000001,3,5,5,13,Clients Fidèles
16145.0,13,3,978.92,4,5,5,14,Champions
16148.0,20,1,76.32000000000001,4,2,1,7,Nouveaux Clients
16150.0,95,1,393.42,1,3,3,7,À Risque
16153.0,78,1,215.01,2,3,2,7,Clients Ordinaires
16156.0,34,1,303.84000000000003,3,3,2,8,Clients Prometteurs
16159.0,5,1,348.2,5,3,3,11,Clients Fidèles
16161.0,14,7,1315.94,4,5,5,14,Champions
16163.0,89,1,441.6,1,3,3,7,À Risque
16168.0,43,2,403.5,2,4,3,9,À Risque
16182.0,18,1,825.0,4,3,4,11,Clients Fidèles
16186.0,96,1,307.68,1,3,2,6,Clients Ordinaires
16187.0,8,2,675.9000000000001,5,4,4,13,Champions
16191.0,25,7,2019.28,4,5,5,14,Champions
16202.0,84,1,365.27,1,3,3,7,À Risque
16203.0,96,1,170.7,1,3,1,5,Clients Ordinaires
16206.0,51,1,161.3,2,3,1,6,Clients Ordinaires
16208.0,13,1,497.59,4,3,3,10,Clients Fidèles
16210.0,33,6,8876.94,3,5,5,13,Clients Fidèles
16212.0,7,1,498.15000000000003,5,3,3,11,Clients Fidèles
16217.0,6,1,183.0,5,3,2,10,Clients Prometteurs
16218.0,97,1,471.3,1,3,3,7,À Risque
16221.0,91,1,166.74,1,3,1,5,Clients Ordinaires
16222.0,42,1,773.5500000000001,3,3,4,10,Clients Fidèles
16225.0,1,2,416.61,5,4,3,12,Clients Fidèles
16233.0,53,2,326.5,2,4,3,9,À Risque
16235.0,19,2,344.46,4,4,3,11,Clients Fidèles
16241.0,63,2,436.38,2,4,3,9,À Risque
16242.0,1,1,211.36,5,3,2,10,Clients Prometteurs
16244.0,96,1,1056.63,1,3,5,9,À Risque
16250.0,97,1,226.14,1,3,2,6,Clients Ordinaires
16255.0,29,3,893.21,3,5,4,12,Clients Fidèles
16265.0,18,4,2442.84,4,5,5,14,Champions
16270.0,77,1,1141.24,2,3,5,10,À Risque
16271.0,82,1,133.22,2,3,1,6,Clients Ordinaires
16274.0,97,1,351.75,1,3,3,7,À Risque
16282.0,63,1,168.3,2,3,1,6,Clients Ordinaires
16293.0,91,1,378.75,1,3,3,7,À Risque
16303.0,57,1,827.1800000000001,2,3,4,9,À Risque
16306.0,18,5,594.47,4,5,4,13,Champions
16315.0,54,1,226.37,2,3,2,7,Clients Ordinaires
16316.0,1,3,1131.27,5,5,5,15,Champions
16317.0,21,1,570.76,4,3,4,11,Clients Fidèles
16321.0,29,3,223.65,3,5,2,10,Clients Prometteurs
16326.0,37,2,425.18,3,4,3,10,Clients Fidèles
16327.0,39,2,1158.22,3,4,5,12,Clients Fidèles
16332.0,29,1,122.3,3,3,1,7,Clients Prometteurs
16333.0,4,4,4428.96,5,5,5,15,Champions
16339.0,8,1,94.05,5,3,1,9,Clients Prometteurs
16349.0,14,1,53.5,4,3,1,8,Clients Prometteurs
16350.0,57,1,376.7,2,3,3,8,À Risque
16351.0,56,1,153.9,2,3,1,6,Clients Ordinaires
16353.0,18,8,1295.2,4,5,5,14,Champions
16356.0,1,1,102.0,5,3,1,9,Clients Prometteurs
16359.0,26,2,301.65,4,4,2,10,Clients Prometteurs
16365.0,83,2,368.46,1,4,3,8,À Risque
16367.0,86,1,167.09,1,3,1,5,Clients Ordinaires
16378.0,20,2,287.05,4,4,2,10,Clients Prometteurs
16385.0,90,1,147.20000000000002,1,3,1,5,Clients Ordinaires
16387.0,46,1,94.36,2,3,1,6,Clients Ordinaires
16389.0,7,1,119.65,5,3,1,9,Clients Prometteurs
16393.0,18,3,505.6,4,5,3,12,Clients Fidèles
16394.0,13,1,312.40999999999997,4,3,2,9,Clients Prometteurs
16395.0,47,2,450.56,2,4,3,9,À Risque
16401.0,18,2,665.8,4,4,4,12,Champions
16402.0,93,1,205.65,1,3,2,6,Clients Ordinaires
16403.0,36,1,177.5,3,3,1,7,Clients Prometteurs
16405.0,26,2,167.25,4,4,1,9,Clients Prometteurs
16407.0,9,3,535.39,5,5,4,14,Champions
16409.0,41,1,271.56,3,3,2,8,Clients Prometteurs
16411.0,93,1,128.55,1,3,1,5,Clients Ordinaires
16414.0,4,1,50.8,5,3,1,9,Clients Prometteurs
16419.0,35,1,252.66,3,3,2,8,Clients Prometteurs
16422.0,2,15,7698.17,5,5,5,15,Champions
16425.0,26,1,302.7,4,3,2,9,Clients Prometteurs
16427.0,8,1,109.8,5,3,1,9,Clients Prometteurs
16431.0,21,2,334.6,4,4,3,11,Clients Fidèles
16434.0,23,1,393.5,4,3,3,10,Clients Fidèles
16441.0,15,1,211.0,4,3,2,9,Clients Prometteurs
16442.0,84,1,147.06,1,3,1,5,Clients Ordinaires
16449.0,4,1,416.69,5,3,3,11,Clients Fidèles
16455.0,85,3,531.98,1,5,4,10,À Risque
16456.0,30,2,1236.49,3,4,5,12,Clients Fidèles
16458.0,8,3,567.4,5,5,4,14,Champions
16462.0,7,1,34.0,5,3,1,9,Clients Prometteurs
16466.0,16,1,109.12,4,3,1,8,Clients Prometteurs
16470.0,82,1,216.34,2,3,2,7,Clients Ordinaires
16473.0,11,2,217.81,5,4,2,11,Clients Prometteurs
16477.0,43,3,961.71,2,5,4,11,À Risque
16493.0,9,2,367.8,5,4,3,12,Clients Fidèles
16494.0,20,1,826.53,4,3,4,11,Clients Fidèles
16496.0,40,1,736.7,3,3,4,10,Clients Fidèles
16497.0,42,2,512.38,3,4,3,10,Clients Fidèles
16499.0,84,2,365.45,1,4,3,8,À Risque
16500.0,54,1,165.0,2,3,1,6,Clients Ordinaires
16503.0,54,2,841.79,2,4,4,10,À Risque
16509.0,20,1,363.7,4,3,3,10,Clients Fidèles
16510.0,96,1,248.1,1,3,2,6,Clients Ordinaires
16515.0,35,1,319.86,3,3,3,9,Clients Fidèles
16517.0,1,1,162.7,5,3,1,9,Clients Prometteurs
16518.0,8,1,190.7,5,3,2,10,Clients Prometteurs
16519.0,89,1,103.7,1,3,1,5,Clients Ordinaires
16520.0,89,1,325.76,1,3,3,7,À Risque
16523.0,39,1,743.9,3,3,4,10,Clients Fidèles
16525.0,7,7,3064.13,5,5,5,15,Champions
16531.0,18,3,484.83,4,5,3,12,Clients Fidèles
16532.0,62,1,1910.4,2,3,5,10,À Risque
16539.0,82,2,747.25,2,4,4,10,À Risque
16546.0,14,2,787.15,4,4,4,12,Champions
16549.0,58,1,119.49000000000001,2,3,1,6,Clients Ordinaires
16550.0,92,1,554.66,1,3,4,8,À Risque
16551.0,60,1,311.07,2,3,2,7,Clients Ordinaires
16552.0,97,1,95.29,1,3,1,5,Clients Ordinaires
16553.0,28,3,1945.44,3,5,5,13,Clients Fidèles
16554.0,55,1,0.85,2,3,1,6,Clients Ordinaires
16556.0,19,2,950.99,4,4,4,12,Champions
16558.0,26,4,1445.8600000000001,4,5,5,14,Champions
16560.0,82,1,332.18,2,3,3,8,À Risque
16565.0,88,1,173.7,1,3,1,5,Clients Ordinaires
16566.0,16,1,94.89999999999999,4,3,1,8,Clients Prometteurs
16567.0,60,1,557.5600000000001,2,3,4,9,À Risque
16570.0,35,1,450.06,3,3,3,9,Clients Fidèles
16571.0,5,1,436.68,5,3,3,11,Clients Fidèles
16573.0,14,1,292.63,4,3,2,9,Clients Prometteurs
16583.0,97,1,233.45,1,3,2,6,Clients Ordinaires
16592.0,11,1,455.28000000000003,5,3,3,11,Clients Fidèles
16593.0,51,1,69.6,2,3,1,6,Clients Ordinaires
16596.0,90,1,120.65,1,3,1,5,Clients Ordinaires
16598.0,9,1,145.04999999999998,5,3,1,9,Clients Prometteurs
16600.0,62,1,125.86,2,3,1,6,Clients Ordinaires
16607.0,8,4,1102.78,5,5,5,15,Champions
16612.0,35,1,280.05,3,3,2,8,Clients Prometteurs
16618.0,46,1,728.16,2,3,4,9,À Risque
16621.0,1,1,162.85,5,3,1,9,Clients Prometteurs
16634.0,96,1,164.8,1,3,1,5,Clients Ordinaires
16638.0,1,5,957.44,5,5,4,14,Champions
16654.0,92,1,227.4,1,3,2,6,Clients Ordinaires
16655.0,55,1,812.25,2,3,4,9,À Risque
16656.0,15,3,1398.3200000000002,4,5,5,14,Champions
16658.0,92,1,123.24,1,3,1,5,Clients Ordinaires
16660.0,43,1,282.59999999999997,2,3,2,7,Clients Ordinaires
16665.0,86,1,135.39999999999998,1,3,1,5,Clients Ordinaires
16667.0,8,1,200.4,5,3,2,10,Clients Prometteurs
16668.0,8,1,50.76,5,3,1,9,Clients Prometteurs
16670.0,6,4,1393.8400000000001,5,5,5,15,Champions
16676.0,61,1,464.82,2,3,3,8,À Risque
16678.0,6,1,312.18,5,3,2,10,Clients Prometteurs
16679.0,90,1,129.75,1,3,1,5,Clients Ordinaires
16684.0,20,6,9811.98,4,5,5,14,Champions
16686.0,29,2,687.91,3,4,4,11,Clients Fidèles
16692.0,13,1,8.5,4,3,1,8,Clients Prometteurs
16700.0,21,3,1278.3,4,5,5,14,Champions
16701.0,22,3,1222.62,4,5,5,14,Champions
16705.0,35,3,3620.83,3,5,5,13,Clients Fidèles
16709.0,5,1,1120.53,5,3,5,13,Clients Fidèles
16710.0,84,2,519.9200000000001,1,4,3,8,À Risque
16711.0,26,2,598.8000000000001,4,4,4,12,Champions
16713.0,18,4,1616.1200000000001,4,5,5,14,Champions
16714.0,41,2,1114.06,3,4,5,12,Clients Fidèles
16716.0,35,1,734.4000000000001,3,3,4,10,Clients Fidèles
16717.0,90,1,307.25,1,3,2,6,Clients Ordinaires
16718.0,93,1,606.0500000000001,1,3,4,8,À Risque
16719.0,12,3,752.51,5,5,4,14,Champions
16722.0,12,3,1113.88,5,5,5,15,Champions
16725.0,26,7,758.27,4,5,4,13,Champions
16726.0,18,3,585.76,4,5,4,13,Champions
16727.0,88,1,256.32,1,3,2,6,Clients Ordinaires
16730.0,43,1,187.01999999999998,2,3,2,7,Clients Ordinaires
16735.0,58,1,607.21,2,3,4,9,À Risque
16738.0,21,1,3.75,4,3,1,8,Clients Prometteurs
16743.0,82,1,430.28000000000003,2,3,3,8,À Risque
16745.0,9,4,1225.92,5,5,5,15,Champions
16746.0,16,3,1245.34,4,5,5,14,Champions
16748.0,33,2,609.8,3,4,4,11,Clients Fidèles
16752.0,96,1,207.5,1,3,2,6,Clients Ordinaires
16754.0,96,1,2002.4,1,3,5,9,À Risque
16755.0,39,1,316.06,3,3,3,9,Clients Fidèles
16757.0,42,1,106.83000000000001,3,3,1,7,Clients Prometteurs
16765.0,18,1,34.0,4,3,1,8,Clients Prometteurs
16767.0,40,1,1866.02,3,3,5,11,Clients Fidèles
16770.0,37,3,527.75,3,5,4,12,Clients Fidèles
16771.0,34,2,947.42,3,4,4,11,Clients Fidèles
16775.0,15,3,577.1,4,5,4,13,Champions
16779.0,28,6,2066.15,3,5,5,13,Clients Fidèles
16781.0,96,1,311.25,1,3,2,6,Clients Ordinaires
16782.0,1,4,998.44,5,5,5,15,Champions
16791.0,56,1,246.98,2,3,2,7,Clients Ordinaires
16792.0,6,2,110.38000000000001,5,4,1,10,Clients Prometteurs
16795.0,89,1,414.88,1,3,3,7,À Risque
16805.0,84,1,214.77,1,3,2,6,Clients Ordinaires
16812.0,84,1,479.35,1,3,3,7,À Risque
16814.0,18,7,2120.11,4,5,5,14,Champions
16816.0,37,2,325.45,3,4,3,10,Clients Fidèles
16817.0,83,2,367.3,1,4,3,8,À Risque
16833.0,58,1,309.48,2,3,2,7,Clients Ordinaires
16835.0,97,1,81.75,1,3,1,5,Clients Ordinaires
16838.0,12,1,392.12,5,3,3,11,Clients Fidèles
16839.0,7,7,3298.65,5,5,5,15,Champions
16841.0,11,1,317.38,5,3,3,11,Clients Fidèles
16842.0,26,1,520.5699999999999,4,3,3,10,Clients Fidèles
16843.0,14,2,1999.46,4,4,5,13,Champions
16850.0,57,1,332.41,2,3,3,8,À Risque
16858.0,92,1,375.69000000000005,1,3,3,7,À Risque
16863.0,90,1,164.25,1,3,1,5,Clients Ordinaires
16873.0,88,1,2157.64,1,3,5,9,À Risque
16875.0,20,3,805.09,4,5,4,13,Champions
16882.0,41,1,9.9,3,3,1,7,Clients Prometteurs
16883.0,95,1,128.03,1,3,1,5,Clients Ordinaires
16885.0,81,1,177.95,2,3,1,6,Clients Ordinaires
16889.0,60,1,523.05,2,3,3,8,À Risque
16891.0,95,1,217.26,1,3,2,6,Clients Ordinaires
16893.0,90,1,145.93,1,3,1,5,Clients Ordinaires
16897.0,23,2,289.78,4,4,2,10,Clients Prometteurs
16898.0,92,1,112.08,1,3,1,5,Clients Ordinaires
16899.0,84,1,170.55,1,3,1,5,Clients Ordinaires
16904.0,22,4,632.4100000000001,4,5,4,13,Champions
16905.0,95,1,254.39999999999998,1,3,2,6,Clients Ordinaires
16907.0,14,2,409.75,4,4,3,11,Clients Fidèles
16912.0,14,3,737.84,4,5,4,13,Champions
16913.0,14,1,113.44,4,3,1,8,Clients Prometteurs
16915.0,7,1,54.300000000000004,5,3,1,9,Clients Prometteurs
16916.0,96,1,196.43,1,3,2,6,Clients Ordinaires
16918.0,41,1,275.78,3,3,2,8,Clients Prometteurs
16919.0,84,2,540.01,1,4,4,9,À Risque
16923.0,2,4,1864.34,5,5,5,15,Champions
16926.0,95,1,230.25,1,3,2,6,Clients Ordinaires
16927.0,85,1,218.1,1,3,2,6,Clients Ordinaires
16928.0,25,3,330.0,4,5,3,12,Clients Fidèles
16931.0,16,4,882.19,4,5,4,13,Champions
16938.0,32,1,267.6,3,3,2,8,Clients Prometteurs
16940.0,13,1,757.68,4,3,4,11,Clients Fidèles
16943.0,42,1,451.03,3,3,3,9,Clients Fidèles
16945.0,29,3,780.64,3,5,4,12,Clients Fidèles
16948.0,49,1,69.6,2,3,1,6,Clients Ordinaires
16949.0,40,1,74.42,3,3,1,7,Clients Prometteurs
16950.0,91,1,172.0,1,3,1,5,Clients Ordinaires
16951.0,28,1,1053.79,3,3,5,11,Clients Fidèles
16954.0,83,1,346.79999999999995,1,3,3,7,À Risque
16955.0,60,3,354.98,2,5,3,10,À Risque
16957.0,5,1,114.84,5,3,1,9,Clients Prometteurs
16979.0,21,1,347.15,4,3,3,10,Clients Fidèles
16980.0,15,1,681.86,4,3,4,11,Clients Fidèles
16983.0,44,2,358.75,2,4,3,9,À Risque
16985.0,37,2,1273.56,3,4,5,12,Clients Fidèles
16992.0,8,1,421.6,5,3,3,11,Clients Fidèles
16996.0,77,2,127.54000000000002,2,4,1,7,Clients Ordinaires
16997.0,12,3,702.0,5,5,4,14,Champions
16998.0,28,1,90.0,3,3,1,7,Clients Prometteurs
17001.0,4,3,1106.09,5,5,5,15,Champions
17002.0,14,1,513.06,4,3,3,10,Clients Fidèles
17007.0,81,2,207.12,2,4,2,8,Clients Ordinaires
17017.0,12,6,2885.96,5,5,5,15,Champions
17018.0,49,1,405.0,2,3,3,8,À Risque
17019.0,54,2,629.91,2,4,4,10,À Risque
17025.0,97,2,160.97,1,4,1,6,Clients Ordinaires
17026.0,93,1,33.15,1,3,1,5,Clients Ordinaires
17027.0,7,3,433.23,5,5,3,13,Clients Fidèles
17033.0,83,1,307.8,1,3,2,6,Clients Ordinaires
17034.0,11,1,141.79999999999998,5,3,1,9,Clients Prometteurs
17035.0,35,1,259.51,3,3,2,8,Clients Prometteurs
17041.0,84,1,304.5,1,3,2,6,Clients Ordinaires
17048.0,6,2,760.4,5,4,4,13,Champions
17050.0,2,3,1487.31,5,5,5,15,Champions
17059.0,93,1,722.36,1,3,4,8,À Risque
17062.0,37,4,533.33,3,5,4,12,Clients Fidèles
17063.0,13,2,319.37,4,4,3,11,Clients Fidèles
17064.0,51,1,143.95,2,3,1,6,Clients Ordinaires
17068.0,7,5,1037.85,5,5,5,15,Champions
17069.0,78,2,583.2,2,4,4,10,À Risque
17071.0,33,1,308.55,3,3,2,8,Clients Prometteurs
17075.0,14,2,562.6,4,4,4,12,Champions
17076.0,88,1,151.5,1,3,1,5,Clients Ordinaires
17082.0,42,1,636.94,3,3,4,10,Clients Fidèles
17083.0,19,2,996.02,4,4,5,13,Champions
17085.0,23,3,970.15,4,5,5,14,Champions
17090.0,12,2,462.0,5,4,3,12,Clients Fidèles
17091.0,48,2,888.15,2,4,4,10,À Risque
17092.0,1,1,134.9,5,3,1,9,Clients Prometteurs
17094.0,46,1,302.0,2,3,2,7,Clients Ordinaires
17095.0,23,2,543.96,4,4,4,12,Champions
17097.0,48,2,287.64,2,4,2,8,Clients Ordinaires
17105.0,30,1,319.4,3,3,3,9,Clients Fidèles
17107.0,2,1,1695.21,5,3,5,13,Clients Fidèles
17114.0,21,2,268.54,4,4,2,10,Clients Prometteurs
17117.0,12,1,116.19999999999999,5,3,1,9,Clients Prometteurs
17118.0,41,1,157.02,3,3,1,7,Clients Prometteurs
17126.0,23,2,501.67,4,4,3,11,Clients Fidèles
17128.0,58,1,157.09,2,3,1,6,Clients Ordinaires
17135.0,13,2,500.55,4,4,3,11,Clients Fidèles
17139.0,12,1,2639.38,5,3,5,13,Clients Fidèles
17146.0,82,1,298.25,2,3,2,7,Clients Ordinaires
17147.0,35,1,409.5,3,3,3,9,Clients Fidèles
17158.0,84,1,413.79,1,3,3,7,À Risque
17162.0,1,3,636.16,5,5,4,14,Champions
17165.0,8,1,158.68,5,3,1,9,Clients Prometteurs
17171.0,13,1,224.91,4,3,2,9,Clients Prometteurs
17175.0,20,1,519.08,4,3,3,10,Clients Fidèles
17179.0,85,1,243.0,1,3,2,6,Clients Ordinaires
17180.0,39,1,245.44,3,3,2,8,Clients Prometteurs
17181.0,97,1,155.52,1,3,1,5,Clients Ordinaires
17188.0,39,3,1424.44,3,5,5,13,Clients Fidèles
17189.0,83,1,226.57000000000002,1,3,2,6,Clients Ordinaires
17191.0,4,4,820.88,5,5,4,14,Champions
17194.0,84,1,252.62,1,3,2,6,Clients Ordinaires
17198.0,89,2,521.66,1,4,3,8,À Risque
17211.0,77,3,779.71,2,5,4,11,À Risque
17213.0,40,3,936.95,3,5,4,12,Clients Fidèles
17214.0,16,3,453.1,4,5,3,12,Clients Fidèles
17218.0,58,4,770.63,2,5,4,11,À Risque
17220.0,36,2,637.5,3,4,4,11,Clients Fidèles
17223.0,34,2,416.89,3,4,3,10,Clients Fidèles
17226.0,32,1,393.49,3,3,3,9,Clients Fidèles
17227.0,92,1,142.25,1,3,1,5,Clients Ordinaires
17228.0,35,3,479.38,3,5,3,11,Clients Fidèles
17230.0,34,7,3435.0099999999998,3,5,5,13,Clients Fidèles
17231.0,22,3,699.88,4,5,4,13,Champions
17235.0,96,1,341.9,1,3,3,7,À Risque
17236.0,23,3,445.37,4,5,3,12,Clients Fidèles
17238.0,46,3,508.64,2,5,3,10,À Risque
17239.0,36,1,382.5,3,3,3,9,Clients Fidèles
17243.0,2,8,2044.2,5,5,5,15,Champions
17251.0,86,1,269.83,1,3,2,6,Clients Ordinaires
17255.0,23,1,108.26,4,3,1,8,Clients Prometteurs
17256.0,36,1,127.89999999999999,3,3,1,7,Clients Prometteurs
17259.0,92,1,367.95,1,3,3,7,À Risque
17262.0,90,1,268.86,1,3,2,6,Clients Ordinaires
17277.0,46,1,717.02,2,3,4,9,À Risque
17282.0,23,1,723.9,4,3,4,11,Clients Fidèles
17284.0,60,1,716.11,2,3,4,9,À Risque
17287.0,91,2,222.7,1,4,2,7,Clients Ordinaires
17288.0,19,3,290.52,4,5,2,11,Clients Prometteurs
17291.0,32,1,550.8000000000001,3,3,4,10,Clients Fidèles
17293.0,32,2,469.35,3,4,3,10,Clients Fidèles
17302.0,29,1,182.85,3,3,2,8,Clients Prometteurs
17303.0,85,1,250.04,1,3,2,6,Clients Ordinaires
17306.0,20,3,1674.88,4,5,5,14,Champions
17311.0,40,1,556.46,3,3,4,10,Clients Fidèles
17314.0,35,2,566.2,3,4,4,11,Clients Fidèles
17315.0,4,8,1178.2,5,5,5,15,Champions
17320.0,92,1,450.92,1,3,3,7,À Risque
17323.0,16,1,141.69,4,3,1,8,Clients Prometteurs
17324.0,55,2,702.23,2,4,4,10,À Risque
17325.0,4,1,96.8,5,3,1,9,Clients Prometteurs
17329.0,39,1,243.36,3,3,2,8,Clients Prometteurs
17334.0,26,2,307.02,4,4,2,10,Clients Prometteurs
17337.0,34,1,989.38,3,3,5,11,Clients Fidèles
17338.0,15,3,2638.6,4,5,5,14,Champions
17339.0,89,1,60.0,1,3,1,5,Clients Ordinaires
17340.0,78,2,4360.39,2,4,5,11,À Risque
17341.0,90,1,416.61,1,3,3,7,À Risque
17343.0,79,1,193.64,2,3,2,7,Clients Ordinaires
17346.0,22,3,337.96,4,5,3,12,Clients Fidèles
17348.0,21,1,160.15,4,3,1,8,Clients Prometteurs
17356.0,35,1,178.22,3,3,2,8,Clients Prometteurs
17358.0,27,2,360.81,3,4,3,10,Clients Fidèles
17361.0,15,1,45.0,4,3,1,8,Clients Prometteurs
17362.0,33,1,150.0,3,3,1,7,Clients Prometteurs
17364.0,12,2,924.39,5,4,4,13,Champions
17365.0,56,2,742.66,2,4,4,10,À Risque
17368.0,54,2,694.0,2,4,4,10,À Risque
17371.0,85,1,92.14,1,3,1,5,Clients Ordinaires
17372.0,41,3,528.9300000000001,3,5,4,12,Clients Fidèles
17373.0,36,1,145.25,3,3,1,7,Clients Prometteurs
17374.0,5,1,191.95,5,3,2,10,Clients Prometteurs
17375.0,36,2,286.37,3,4,2,9,Clients Prometteurs
17376.0,35,1,105.85,3,3,1,7,Clients Prometteurs
17377.0,12,5,1133.83,5,5,5,15,Champions
17381.0,1,10,9199.42,5,5,5,15,Champions
17388.0,11,1,381.6,5,3,3,11,Clients Fidèles
17389.0,5,6,898.92,5,5,4,14,Champions
17392.0,30,2,417.27,3,4,3,10,Clients Fidèles
17396.0,95,1,397.5,1,3,3,7,À Risque
17400.0,77,1,424.17,2,3,3,8,À Risque
17402.0,53,3,571.87,2,5,4,11,À Risque
17404.0,39,3,6773.0599999999995,3,5,5,13,Clients Fidèles
17406.0,57,3,2184.42,2,5,5,12,À Risque
17412.0,27,3,589.12,3,5,4,12,Clients Fidèles
17416.0,5,1,2114.71,5,3,5,13,Clients Fidèles
17418.0,47,1,167.39000000000001,2,3,1,6,Clients Ordinaires
17419.0,19,4,1037.47,4,5,5,14,Champions
17420.0,97,1,130.85,1,3,1,5,Clients Ordinaires
17422.0,20,1,321.25,4,3,3,10,Clients Fidèles
17426.0,6,1,1193.88,5,3,5,13,Clients Fidèles
17428.0,2,7,3620.82,5,5,5,15,Champions
17430.0,89,1,112.6,1,3,1,5,Clients Ordinaires
17431.0,37,1,403.3,3,3,3,9,Clients Fidèles
17442.0,14,1,440.83,4,3,3,10,Clients Fidèles
17446.0,34,1,68.10000000000001,3,3,1,7,Clients Prometteurs
17449.0,7,2,1022.6,5,4,5,14,Champions
17450.0,56,5,20649.04,2,5,5,12,À Risque
17454.0,23,2,298.1,4,4,2,10,Clients Prometteurs
17456.0,89,1,249.86,1,3,2,6,Clients Ordinaires
17457.0,32,2,717.0600000000001,3,4,4,11,Clients Fidèles
17460.0,42,3,203.8,3,5,2,10,Clients Prometteurs
17462.0,8,1,463.40999999999997,5,3,3,11,Clients Fidèles
17463.0,37,1,691.46,3,3,4,10,Clients Fidèles
17470.0,91,1,178.4,1,3,2,6,Clients Ordinaires
17472.0,11,2,438.27,5,4,3,12,Clients Fidèles
17491.0,49,2,632.9200000000001,2,4,4,10,À Risque
17496.0,82,1,271.05,2,3,2,7,Clients Ordinaires
17499.0,13,1,622.88,4,3,4,11,Clients Fidèles
17504.0,13,2,787.43,4,4,4,12,Champions
17507.0,32,1,340.56,3,3,3,9,Clients Fidèles
17508.0,4,1,387.31,5,3,3,11,Clients Fidèles
17511.0,14,6,18356.86,4,5,5,14,Champions
17512.0,14,3,651.21,4,5,4,13,Champions
17515.0,42,1,231.48,3,3,2,8,Clients Prometteurs
17516.0,9,2,324.63,5,4,3,12,Clients Fidèles
17517.0,32,1,153.94,3,3,1,7,Clients Prometteurs
17519.0,92,1,335.3,1,3,3,7,À Risque
17524.0,85,1,145.0,1,3,1,5,Clients Ordinaires
17525.0,83,1,422.70000000000005,1,3,3,7,À Risque
17526.0,14,3,872.8,4,5,4,13,Champions
17530.0,21,2,645.33,4,4,4,12,Champions
17535.0,4,1,164.4,5,3,1,9,Clients Prometteurs
17537.0,27,1,620.75,3,3,4,10,Clients Fidèles
17540.0,40,1,268.8,3,3,2,8,Clients Prometteurs
17551.0,83,1,290.34,1,3,2,6,Clients Ordinaires
17552.0,95,2,298.52,1,4,2,7,Clients Ordinaires
17555.0,58,1,195.45,2,3,2,7,Clients Ordinaires
17560.0,34,1,162.1,3,3,1,7,Clients Prometteurs
17567.0,5,3,1478.18,5,5,5,15,Champions
17569.0,56,1,344.14,2,3,3,8,À Risque
17571.0,1,2,358.3,5,4,3,12,Clients Fidèles
17572.0,97,1,70.80000000000001,1,3,1,5,Clients Ordinaires
17576.0,6,6,720.39,5,5,4,14,Champions
17580.0,36,2,168.02,3,4,1,8,Clients Prometteurs
17581.0,4,6,2064.98,5,5,5,15,Champions
17585.0,62,1,417.81,2,3,3,8,À Risque
17591.0,22,3,845.41,4,5,4,13,Champions
17593.0,76,1,662.9,2,3,4,9,À Risque
17596.0,92,1,390.97,1,3,3,7,À Risque
17602.0,48,1,767.0500000000001,2,3,4,9,À Risque
17604.0,36,1,136.24,3,3,1,7,Clients Prometteurs
17609.0,25,2,531.25,4,4,4,12,Champions
17611.0,44,3,1053.17,2,5,5,12,À Risque
17612.0,21,1,305.46,4,3,2,9,Clients Prometteurs
17613.0,12,2,897.51,5,4,4,13,Champions
17616.0,91,1,326.4,1,3,3,7,À Risque
17618.0,86,1,278.98,1,3,2,6,Clients Ordinaires
17619.0,36,1,214.37,3,3,2,8,Clients Prometteurs
17621.0,36,2,901.78,3,4,4,11,Clients Fidèles
17629.0,83,1,238.65,1,3,2,6,Clients Ordinaires
17634.0,1,2,1237.31,5,4,5,14,Champions
17643.0,97,1,101.55,1,3,1,5,Clients Ordinaires
17646.0,5,2,596.85,5,4,4,13,Champions
17652.0,5,1,222.3,5,3,2,10,Clients Prometteurs
17654.0,1,1,117.55,5,3,1,9,Clients Prometteurs
17655.0,8,3,1296.7,5,5,5,15,Champions
17659.0,22,3,474.95,4,5,3,12,Clients Fidèles
17663.0,11,1,371.39,5,3,3,11,Clients Fidèles
17667.0,22,1,928.05,4,3,4,11,Clients Fidèles
17671.0,89,1,394.18,1,3,3,7,À Risque
17672.0,33,1,1177.8400000000001,3,3,5,11,Clients Fidèles
17673.0,44,1,402.41999999999996,2,3,3,8,À Risque
17674.0,92,1,300.66,1,3,2,6,Clients Ordinaires
17675.0,13,6,3646.7400000000002,4,5,5,14,Champions
17676.0,90,1,300.7,1,3,2,6,Clients Ordinaires
17677.0,25,6,2711.1,4,5,5,14,Champions
17682.0,92,1,391.5,1,3,3,7,À Risque
17685.0,32,4,1186.22,3,5,5,13,Clients Fidèles
17686.0,26,1,1592.61,4,3,5,12,Clients Fidèles
17690.0,50,5,1570.65,2,5,5,12,À Risque
17691.0,82,2,290.40000000000003,2,4,2,8,Clients Ordinaires
17692.0,29,2,453.96,3,4,3,10,Clients Fidèles
17696.0,1,3,493.84000000000003,5,5,3,13,Clients Fidèles
17700.0,5,1,602.61,5,3,4,12,Clients Fidèles
17705.0,25,1,136.3,4,3,1,8,Clients Prometteurs
17706.0,13,4,888.85,4,5,4,13,Champions
17707.0,60,1,83.7,2,3,1,6,Clients Ordinaires
17708.0,48,1,106.85,2,3,1,6,Clients Ordinaires
17711.0,13,1,220.53000000000003,4,3,2,9,Clients Prometteurs
17714.0,44,1,153.0,2,3,1,6,Clients Ordinaires
17720.0,91,1,102.0,1,3,1,5,Clients Ordinaires
17722.0,48,2,1743.58,2,4,5,11,À Risque
17730.0,21,2,687.04,4,4,4,12,Champions
17732.0,96,1,303.97,1,3,2,6,Clients Ordinaires
17735.0,11,3,1896.02,5,5,5,15,Champions
17738.0,6,1,779.92,5,3,4,12,Clients Fidèles
17739.0,57,2,682.59,2,4,4,10,À Risque
17742.0,56,1,302.57,2,3,2,7,Clients Ordinaires
17744.0,46,3,1008.4,2,5,5,12,À Risque
17752.0,83,1,80.64,1,3,1,5,Clients Ordinaires
17757.0,5,9,1277.57,5,5,5,15,Champions
17760.0,97,1,172.54,1,3,1,5,Clients Ordinaires
17769.0,2,2,876.76,5,4,4,13,Champions
17770.0,6,1,603.17,5,3,4,12,Clients Fidèles
17771.0,47,1,115.8,2,3,1,6,Clients Ordinaires
17774.0,29,1,219.98999999999998,3,3,2,8,Clients Prometteurs
17786.0,41,1,103.35,3,3,1,7,Clients Prometteurs
17787.0,28,3,1668.52,3,5,5,13,Clients Fidèles
17789.0,5,1,225.9,5,3,2,10,Clients Prometteurs
17790.0,25,6,516.35,4,5,3,12,Clients Fidèles
17796.0,37,3,614.1,3,5,4,12,Clients Fidèles
17799.0,43,3,1010.71,2,5,5,12,À Risque
17800.0,58,1,136.05,2,3,1,6,Clients Ordinaires
17802.0,96,1,100.2,1,3,1,5,Clients Ordinaires
17809.0,25,4,1861.7,4,5,5,14,Champions
17811.0,2,10,2907.62,5,5,5,15,Champions
17812.0,92,1,193.29999999999998,1,3,2,6,Clients Ordinaires
17816.0,89,1,16.21,1,3,1,5,Clients Ordinaires
17817.0,1,2,269.7,5,4,2,11,Clients Prometteurs
17819.0,21,3,1836.12,4,5,5,14,Champions
17827.0,88,3,1270.96,1,5,5,11,À Risque
17829.0,22,1,889.24,4,3,4,11,Clients Fidèles
17830.0,12,1,188.5,5,3,2,10,Clients Prometteurs
17838.0,16,3,1655.0,4,5,5,14,Champions
17841.0,1,24,5758.11,5,5,5,15,Champions
17843.0,27,1,205.48,3,3,2,8,Clients Prometteurs
17848.0,34,3,213.91,3,5,2,10,Clients Prometteurs
17849.0,29,2,345.1,3,4,3,10,Clients Fidèles
17850.0,96,34,5391.21,1,5,5,11,À Risque
17855.0,96,1,208.97,1,3,2,6,Clients Ordinaires
17856.0,5,1,482.81,5,3,3,11,Clients Fidèles
17857.0,20,3,2127.54,4,5,5,14,Champions
17858.0,28,4,2093.0,3,5,5,13,Clients Fidèles
17859.0,28,1,141.92000000000002,3,3,1,7,Clients Prometteurs
17860.0,92,1,226.45000000000002,1,3,2,6,Clients Ordinaires
17861.0,43,1,241.85999999999999,2,3,2,7,Clients Ordinaires
17862.0,47,1,330.9,2,3,3,8,À Risque
17863.0,34,2,890.6999999999999,3,4,4,11,Clients Fidèles
17865.0,12,4,2331.35,5,5,5,15,Champions
17867.0,12,1,25.5,5,3,1,9,Clients Prometteurs
17869.0,92,1,214.32,1,3,2,6,Clients Ordinaires
17870.0,90,1,326.4,1,3,3,7,À Risque
17873.0,5,2,690.73,5,4,4,13,Champions
17880.0,88,1,458.92,1,3,3,7,À Risque
17881.0,28,1,133.35000000000002,3,3,1,7,Clients Prometteurs
17884.0,35,3,590.54,3,5,4,12,Clients Fidèles
17888.0,41,2,112.08,3,4,1,8,Clients Prometteurs
17889.0,46,1,99.35,2,3,1,6,Clients Ordinaires
17890.0,46,2,586.89,2,4,4,10,À Risque
17894.0,9,6,867.0,5,5,4,14,Champions
17897.0,91,2,410.67,1,4,3,8,À Risque
17905.0,76,2,392.9,2,4,3,9,À Risque
17908.0,97,1,232.03,1,3,2,6,Clients Ordinaires
17912.0,34,5,310.06,3,5,2,10,Clients Prometteurs
17913.0,79,1,218.05,2,3,2,7,Clients Ordinaires
17917.0,86,1,107.16,1,3,1,5,Clients Ordinaires
17920.0,39,3,834.81,3,5,4,12,Clients Fidèles
17923.0,6,1,207.50000000000003,5,3,2,10,Clients Prometteurs
17924.0,25,2,502.20000000000005,4,4,3,11,Clients Fidèles
17925.0,96,1,244.08,1,3,2,6,Clients Ordinaires
17929.0,32,1,196.20000000000002,3,3,2,8,Clients Prometteurs
17937.0,22,3,2693.88,4,5,5,14,Champions
17940.0,26,1,1045.44,4,3,5,12,Clients Fidèles
17949.0,6,5,3820.5,5,5,5,15,Champions
17950.0,89,2,263.17,1,4,2,7,Clients Ordinaires
17951.0,82,2,409.50000000000006,2,4,3,9,À Risque
17954.0,19,4,708.76,4,5,4,13,Champions
17961.0,7,8,612.93,5,5,4,14,Champions
17964.0,96,1,261.76,1,3,2,6,Clients Ordinaires
17965.0,7,5,1053.68,5,5,5,15,Champions
17967.0,95,1,112.27,1,3,1,5,Clients Ordinaires
17968.0,97,1,265.1,1,3,2,6,Clients Ordinaires
17969.0,85,1,125.2,1,3,1,5,Clients Ordinaires
17975.0,34,4,1378.78,3,5,5,13,Clients Fidèles
17976.0,96,1,321.79,1,3,3,7,À Risque
17978.0,89,1,300.91999999999996,1,3,2,6,Clients Ordinaires
17980.0,83,1,295.2,1,3,2,6,Clients Ordinaires
17988.0,50,1,64.99000000000001,2,3,1,6,Clients Ordinaires
17990.0,77,2,316.0,2,4,3,9,À Risque
17994.0,14,1,305.3,4,3,2,9,Clients Prometteurs
17995.0,5,1,76.1,5,3,1,9,Clients Prometteurs
17999.0,90,1,190.34,1,3,2,6,Clients Ordinaires
18004.0,86,1,157.92,1,3,1,5,Clients Ordinaires
18008.0,42,1,130.81,3,3,1,7,Clients Prometteurs
18011.0,97,1,102.78999999999999,1,3,1,5,Clients Ordinaires
18016.0,39,2,318.85,3,4,3,10,Clients Fidèles
18017.0,34,1,165.0,3,3,1,7,Clients Prometteurs
18032.0,58,1,73.5,2,3,1,6,Clients Ordinaires
18037.0,46,2,39.55,2,4,1,7,Clients Ordinaires
18041.0,5,8,1656.67,5,5,5,15,Champions
18043.0,90,1,287.91,1,3,2,6,Clients Ordinaires
18044.0,7,2,146.37,5,4,1,10,Clients Prometteurs
18050.0,83,1,74.4,1,3,1,5,Clients Ordinaires
18055.0,15,5,2394.03,4,5,5,14,Champions
18056.0,12,1,363.65,5,3,3,11,Clients Fidèles
18061.0,14,3,817.33,4,5,4,13,Champions
18062.0,61,1,169.8,2,3,1,6,Clients Ordinaires
18065.0,12,3,750.0500000000001,5,5,4,14,Champions
18068.0,13,1,101.69999999999999,4,3,1,8,Clients Prometteurs
18069.0,51,1,287.11,2,3,2,7,Clients Ordinaires
18071.0,89,1,258.95,1,3,2,6,Clients Ordinaires
18074.0,97,1,489.6,1,3,3,7,À Risque
18075.0,7,4,867.5,5,5,4,14,Champions
18077.0,42,3,711.46,3,5,4,12,Clients Fidèles
18085.0,54,2,689.95,2,4,4,10,À Risque
18087.0,14,1,3202.9199999999996,4,3,5,12,Clients Fidèles
18092.0,54,4,3111.84,2,5,5,12,À Risque
18093.0,21,2,1117.52,4,4,5,13,Champions
18094.0,15,1,504.72,4,3,3,10,Clients Fidèles
18095.0,36,2,580.0500000000001,3,4,4,11,Clients Fidèles
18097.0,63,2,657.1800000000001,2,4,4,10,À Risque
18102.0,5,7,39766.090000000004,5,5,5,15,Champions
18106.0,53,1,421.9,2,3,3,8,À Risque
18109.0,27,6,1213.57,3,5,5,13,Clients Fidèles
18113.0,92,1,76.32000000000001,1,3,1,5,Clients Ordinaires
18114.0,14,1,220.1,4,3,2,9,Clients Prometteurs
18116.0,19,4,823.32,4,5,4,13,Champions
18118.0,6,6,1440.75,5,5,5,15,Champions
18119.0,91,1,180.7,1,3,2,6,Clients Ordinaires
18125.0,19,2,720.97,4,4,4,12,Champions
18136.0,43,1,288.99,2,3,2,7,Clients Ordinaires
18138.0,19,1,152.65,4,3,1,8,Clients Prometteurs
18144.0,42,3,660.05,3,5,4,12,Clients Fidèles
18145.0,36,1,609.01,3,3,4,10,Clients Fidèles
18151.0,13,1,312.55,4,3,2,9,Clients Prometteurs
18155.0,15,1,113.93,4,3,1,8,Clients Prometteurs
18156.0,93,1,186.88,1,3,2,6,Clients Ordinaires
18159.0,25,1,530.15,4,3,4,11,Clients Fidèles
18161.0,43,1,301.53,2,3,2,7,Clients Ordinaires
18168.0,26,3,634.39,4,5,4,13,Champions
18171.0,57,1,240.45000000000002,2,3,2,7,Clients Ordinaires
18172.0,13,2,1978.3799999999999,4,4,5,13,Champions
18176.0,82,1,476.35,2,3,3,8,À Risque
18178.0,33,2,633.95,3,4,4,11,Clients Fidèles
18179.0,50,2,622.9,2,4,4,10,À Risque
18188.0,14,1,426.6,4,3,3,10,Clients Fidèles
18190.0,54,1,171.46,2,3,1,6,Clients Ordinaires
18196.0,14,1,450.78,4,4,3,11,Clients Fidèles
18198.0,12,3,907.32,5,5,4,14,Champions
18202.0,35,1,485.73,3,4,3,10,Clients Fidèles
18211.0,2,1,137.9,5,4,1,10,Clients Prometteurs
18212.0,50,1,216.07,2,4,2,8,Clients Ordinaires
18218.0,5,1,289.21999999999997,5,4,2,11,Clients Prometteurs
18219.0,20,3,484.37,4,5,3,12,Clients Fidèles
18223.0,2,5,1674.84,5,5,5,15,Champions
18225.0,29,2,468.82,3,4,3,10,Clients Fidèles
18226.0,61,1,417.3,2,4,3,9,À Risque
18229.0,18,4,1372.9,4,5,5,14,Champions
18230.0,26,1,464.82,4,4,3,11,Clients Fidèles
18231.0,12,1,291.0,5,4,2,11,Clients Prometteurs
18233.0,49,1,440.0,2,4,3,9,À Risque
18239.0,36,3,918.52,3,5,4,12,Clients Fidèles
18245.0,36,2,804.91,3,4,4,11,Clients Fidèles
18250.0,34,1,349.27,3,4,3,10,Clients Fidèles
18257.0,14,2,363.8,4,4,3,11,Clients Fidèles
18259.0,90,1,376.30000000000007,1,4,3,8,À Risque
18260.0,58,2,787.7700000000001,2,4,4,10,À Risque
18269.0,90,1,168.6,1,4,1,6,Clients Ordinaires
18280.0,1,1,180.60000000000002,5,4,2,11,Clients Prometteurs
18283.0,8,3,314.7,5,5,3,13,Clients Fidèles
